strategy_id,path,before,after
alpha223_0009,evidence_profile.metric_evidence,"[{""metric"":""residual_return_lcb90"",""value"":-0.011401,""status"":""ready"",""sample_count"":1432,""mature_dates"":12,""outcome_as_of_date"":""2026-09-01"",""definition_version"":""strategy-evidence-metrics-v4"",""evidence"":{""semantic"":""date_clustered_equal_weight_residual_return_lcb90"",""z90"":1.281551565545,""production_effect"":false,""materialization_source"":""learning_target_join""}},{""metric"":""downside_capture"",""value"":1.203804,""status"":""ready"",""sample_count"":401,""mature_dates"":12,""outcome_as_of_date"":""2026-09-01"",""definition_version"":""strategy-evidence-metrics-v4"",""evidence"":{""semantic"":""cost_net_strategy_return_divided_by_benchmark_return_when_benchmark_negative"",""production_effect"":false,""materialization_source"":""learning_target_join""}},{""metric"":""max_drawdown"",""value"":-0.006614,""status"":""ready"",""sample_count"":1432,""mature_dates"":12,""outcome_as_of_date"":""2026-09-01"",""definition_version"":""strategy-evidence-metrics-v4"",""evidence"":{""semantic"":""date_clustered_equal_weight_compounded_cost_net_absolute_return"",""production_effect"":false,""materialization_source"":""learning_target_join""}},{""metric"":""tail_loss_cvar95"",""value"":-0.132233,""status"":""ready"",""sample_count"":1432,""mature_dates"":12,""outcome_as_of_date"":""2026-09-01"",""definition_version"":""strategy-evidence-metrics-v4"",""evidence"":{""semantic"":""mean_worst_five_percent_cost_net_absolute_return"",""tail_samples"":72,""production_effect"":false,""materialization_source"":""learning_target_join""}},{""metric"":""crowding_decay"",""value"":0.017644,""status"":""ready"",""sample_count"":1432,""mature_dates"":12,""outcome_as_of_date"":""2026-09-01"",""definition_version"":""strategy-evidence-metrics-v4"",""evidence"":{""semantic"":""high_overlap_quartile_minus_low_overlap_quartile_residual_return"",""production_effect"":false,""materialization_source"":""learning_target_join""}}]","[{""metric"":""residual_return_lcb90"",""value"":-0.011401,""status"":""ready"",""sample_count"":1432,""mature_dates"":12,""outcome_as_of_date"":""2026-09-02"",""definition_version"":""strategy-evidence-metrics-v4"",""evidence"":{""semantic"":""date_clustered_equal_weight_residual_return_lcb90"",""z90"":1.281551565545,""production_effect"":false,""materialization_source"":""learning_target_join""}},{""metric"":""downside_capture"",""value"":1.203804,""status"":""ready"",""sample_count"":401,""mature_dates"":12,""outcome_as_of_date"":""2026-09-02"",""definition_version"":""strategy-evidence-metrics-v4"",""evidence"":{""semantic"":""cost_net_strategy_return_divided_by_benchmark_return_when_benchmark_negative"",""production_effect"":false,""materialization_source"":""learning_target_join""}},{""metric"":""max_drawdown"",""value"":-0.006614,""status"":""ready"",""sample_count"":1432,""mature_dates"":12,""outcome_as_of_date"":""2026-09-02"",""definition_version"":""strategy-evidence-metrics-v4"",""evidence"":{""semantic"":""date_clustered_equal_weight_compounded_cost_net_absolute_return"",""production_effect"":false,""materialization_source"":""learning_target_join""}},{""metric"":""tail_loss_cvar95"",""value"":-0.132233,""status"":""ready"",""sample_count"":1432,""mature_dates"":12,""outcome_as_of_date"":""2026-09-02"",""definition_version"":""strategy-evidence-metrics-v4"",""evidence"":{""semantic"":""mean_worst_five_percent_cost_net_absolute_return"",""tail_samples"":72,""production_effect"":false,""materialization_source"":""learning_target_join""}},{""metric"":""crowding_decay"",""value"":0.017644,""status"":""ready"",""sample_count"":1432,""mature_dates"":12,""outcome_as_of_date"":""2026-09-02"",""definition_version"":""strategy-evidence-metrics-v4"",""evidence"":{""semantic"":""high_overlap_quartile_minus_low_overlap_quartile_residual_return"",""production_effect"":false,""materialization_source"":""learning_target_join""}}]"
alpha223_0009,learning.avg_return_pct,-0.00006,-0.001983
alpha223_0009,learning.hit_rate,0.465496,0.440678
alpha223_0009,learning.latest_reward_date,2026-08-14,2026-08-25
alpha223_0009,learning.max_drawdown_pct,-0.031757,-0.07007
alpha223_0009,learning.reward_status_reason,reward evidence available through 2026-08-14,reward evidence available through 2026-08-25
alpha223_0009,learning.rolling_avg_return_pct,-0.00006,-0.001983
alpha223_0009,learning.rolling_date_return_lcb90,-0.002701,-0.004457
alpha223_0009,learning.rolling_date_return_mean,-0.000037,-0.002233
alpha223_0009,learning.rolling_hit_rate,0.465496,0.440678
alpha223_0009,learning.rolling_max_drawdown_pct,-0.031759,-0.070071
alpha223_0009,learning.rolling_reward_dates,14,20
alpha223_0009,learning.rolling_samples,1652,2242
alpha223_0009,learning.samples,1652,2242
alpha223_0009,promotion_gate.evidence.avg_return_pct,-0.00006,-0.001983
alpha223_0009,promotion_gate.evidence.date_return_lcb90,-0.002701,-0.004457
alpha223_0009,promotion_gate.evidence.hit_rate,0.465496,0.440678
alpha223_0009,promotion_gate.evidence.mature_dates,14,20
alpha223_0009,promotion_gate.evidence.max_drawdown_pct,-0.031759,-0.070071
alpha223_0009,promotion_gate.evidence.samples,1652,2242
alpha223_0109,evidence_profile.metric_evidence,"[{""metric"":""residual_return_lcb90"",""value"":-0.001604,""status"":""ready"",""sample_count"":1629,""mature_dates"":12,""outcome_as_of_date"":""2026-09-01"",""definition_version"":""strategy-evidence-metrics-v4"",""evidence"":{""semantic"":""date_clustered_equal_weight_residual_return_lcb90"",""z90"":1.281551565545,""production_effect"":false,""materialization_source"":""learning_target_join""}},{""metric"":""rank_ic"",""value"":0.086302,""status"":""ready"",""sample_count"":1629,""mature_dates"":11,""outcome_as_of_date"":""2026-09-01"",""definition_version"":""strategy-evidence-metrics-v4"",""evidence"":{""semantic"":""mean_daily_spearman_formal_continuous_affinity_vs_residual_return"",""affinity_owner"":""strategy-threshold-margin-affinity-v2"",""fallback_owner"":null,""retired_input"":""strategy-affinity-binary-pit-reconstruction-v1"",""formal_continuous_pairs"":1629,""excluded_legacy_binary_pairs"":0,""observation_dates"":12,""estimable_dates"":11,""pair_eligible_dates"":12,""insufficient_pair_dates"":0,""constant_affinity_dates"":1,""constant_reward_dates"":0,""missing_reason"":null,""root_cause_class"":null,""remediation"":null,""production_effect"":false,""materialization_source"":""learning_target_join""}},{""metric"":""max_drawdown"",""value"":-0.043907,""status"":""ready"",""sample_count"":1629,""mature_dates"":12,""outcome_as_of_date"":""2026-09-01"",""definition_version"":""strategy-evidence-metrics-v4"",""evidence"":{""semantic"":""date_clustered_equal_weight_compounded_cost_net_absolute_return"",""production_effect"":false,""materialization_source"":""learning_target_join""}},{""metric"":""turnover_after_cost"",""value"":0.341753,""status"":""ready"",""sample_count"":1629,""mature_dates"":12,""outcome_as_of_date"":""2026-09-01"",""definition_version"":""strategy-evidence-metrics-v4"",""evidence"":{""semantic"":""cost_net_mean_return_per_one_way_turnover"",""average_one_way_turnover"":0.169916,""production_effect"":false,""materialization_source"":""learning_target_join""}},{""metric"":""regime_consistency"",""value"":-0.001618,""status"":""insufficient_samples"",""sample_count"":991,""mature_dates"":3,""outcome_as_of_date"":""2026-09-01"",""definition_version"":""strategy-evidence-metrics-v4"",""evidence"":{""semantic"":""minimum_supported_regime_date_clustered_residual_return_lcb90"",""required_regime_partitions"":2,""required_mature_dates_per_partition"":2,""supported_regimes"":[""bull"",""sideways"",""volatile""],""observed_partitions"":[{""regime"":""bull"",""samples"":169,""dates"":3,""lcb90"":0.008557},{""regime"":""sideways"",""samples"":766,""dates"":8,""lcb90"":-0.001618},{""regime"":""volatile"",""samples"":56,""dates"":1,""lcb90"":null}],""eligible_partitions"":[{""regime"":""bull"",""samples"":169,""dates"":3,""lcb90"":0.008557},{""regime"":""sideways"",""samples"":766,""dates"":8,""lcb90"":-0.001618}],""observed_regime_count"":3,""eligible_regime_count"":2,""missing_reason"":null,""production_effect"":false,""materialization_source"":""learning_target_join""}}]","[{""metric"":""residual_return_lcb90"",""value"":-0.001604,""status"":""ready"",""sample_count"":1629,""mature_dates"":12,""outcome_as_of_date"":""2026-09-02"",""definition_version"":""strategy-evidence-metrics-v4"",""evidence"":{""semantic"":""date_clustered_equal_weight_residual_return_lcb90"",""z90"":1.281551565545,""production_effect"":false,""materialization_source"":""learning_target_join""}},{""metric"":""rank_ic"",""value"":0.086302,""status"":""ready"",""sample_count"":1629,""mature_dates"":11,""outcome_as_of_date"":""2026-09-02"",""definition_version"":""strategy-evidence-metrics-v4"",""evidence"":{""semantic"":""mean_daily_spearman_formal_continuous_affinity_vs_residual_return"",""affinity_owner"":""strategy-threshold-margin-affinity-v2"",""fallback_owner"":null,""retired_input"":""strategy-affinity-binary-pit-reconstruction-v1"",""formal_continuous_pairs"":1629,""excluded_legacy_binary_pairs"":0,""observation_dates"":12,""estimable_dates"":11,""pair_eligible_dates"":12,""insufficient_pair_dates"":0,""constant_affinity_dates"":1,""constant_reward_dates"":0,""missing_reason"":null,""root_cause_class"":null,""remediation"":null,""production_effect"":false,""materialization_source"":""learning_target_join""}},{""metric"":""max_drawdown"",""value"":-0.043907,""status"":""ready"",""sample_count"":1629,""mature_dates"":12,""outcome_as_of_date"":""2026-09-02"",""definition_version"":""strategy-evidence-metrics-v4"",""evidence"":{""semantic"":""date_clustered_equal_weight_compounded_cost_net_absolute_return"",""production_effect"":false,""materialization_source"":""learning_target_join""}},{""metric"":""turnover_after_cost"",""value"":0.341753,""status"":""ready"",""sample_count"":1629,""mature_dates"":12,""outcome_as_of_date"":""2026-09-02"",""definition_version"":""strategy-evidence-metrics-v4"",""evidence"":{""semantic"":""cost_net_mean_return_per_one_way_turnover"",""average_one_way_turnover"":0.169916,""production_effect"":false,""materialization_source"":""learning_target_join""}},{""metric"":""regime_consistency"",""value"":-0.001618,""status"":""insufficient_samples"",""sample_count"":991,""mature_dates"":3,""outcome_as_of_date"":""2026-09-02"",""definition_version"":""strategy-evidence-metrics-v4"",""evidence"":{""semantic"":""minimum_supported_regime_date_clustered_residual_return_lcb90"",""required_regime_partitions"":2,""required_mature_dates_per_partition"":2,""supported_regimes"":[""bull"",""sideways"",""volatile""],""observed_partitions"":[{""regime"":""bull"",""samples"":169,""dates"":3,""lcb90"":0.008557},{""regime"":""sideways"",""samples"":766,""dates"":8,""lcb90"":-0.001618},{""regime"":""volatile"",""samples"":56,""dates"":1,""lcb90"":null}],""eligible_partitions"":[{""regime"":""bull"",""samples"":169,""dates"":3,""lcb90"":0.008557},{""regime"":""sideways"",""samples"":766,""dates"":8,""lcb90"":-0.001618}],""observed_regime_count"":3,""eligible_regime_count"":2,""missing_reason"":null,""production_effect"":false,""materialization_source"":""learning_target_join""}}]"
alpha223_0109,learning.avg_return_pct,-0.002302,0.001239
alpha223_0109,learning.hit_rate,0.423924,0.438538
alpha223_0109,learning.latest_reward_date,2026-08-14,2026-08-25
alpha223_0109,learning.reward_status_reason,reward evidence available through 2026-08-14,reward evidence available through 2026-08-25
alpha223_0109,learning.rolling_avg_return_pct,-0.002302,0.001239
alpha223_0109,learning.rolling_date_return_lcb90,-0.007641,-0.003254
alpha223_0109,learning.rolling_date_return_mean,-0.003308,0.000332
alpha223_0109,learning.rolling_hit_rate,0.423924,0.438538
alpha223_0109,learning.rolling_reward_dates,14,20
alpha223_0109,learning.rolling_samples,1906,2709
alpha223_0109,learning.samples,1906,2709
alpha223_0109,promotion_gate.evidence.avg_return_pct,-0.002302,0.001239
alpha223_0109,promotion_gate.evidence.date_return_lcb90,-0.007641,-0.003254
alpha223_0109,promotion_gate.evidence.hit_rate,0.423924,0.438538
alpha223_0109,promotion_gate.evidence.mature_dates,14,20
alpha223_0109,promotion_gate.evidence.samples,1906,2709
alpha223_0166,evidence_profile.metric_evidence,"[{""metric"":""residual_return_lcb90"",""value"":-0.009365,""status"":""ready"",""sample_count"":2287,""mature_dates"":12,""outcome_as_of_date"":""2026-09-01"",""definition_version"":""strategy-evidence-metrics-v4"",""evidence"":{""semantic"":""date_clustered_equal_weight_residual_return_lcb90"",""z90"":1.281551565545,""production_effect"":false,""materialization_source"":""learning_target_join""}},{""metric"":""rank_ic"",""value"":-0.014309,""status"":""ready"",""sample_count"":2287,""mature_dates"":11,""outcome_as_of_date"":""2026-09-01"",""definition_version"":""strategy-evidence-metrics-v4"",""evidence"":{""semantic"":""mean_daily_spearman_formal_continuous_affinity_vs_residual_return"",""affinity_owner"":""strategy-threshold-margin-affinity-v2"",""fallback_owner"":null,""retired_input"":""strategy-affinity-binary-pit-reconstruction-v1"",""formal_continuous_pairs"":2287,""excluded_legacy_binary_pairs"":0,""observation_dates"":12,""estimable_dates"":11,""pair_eligible_dates"":12,""insufficient_pair_dates"":0,""constant_affinity_dates"":1,""constant_reward_dates"":0,""missing_reason"":null,""root_cause_class"":null,""remediation"":null,""production_effect"":false,""materialization_source"":""learning_target_join""}},{""metric"":""max_drawdown"",""value"":0,""status"":""ready"",""sample_count"":2287,""mature_dates"":12,""outcome_as_of_date"":""2026-09-01"",""definition_version"":""strategy-evidence-metrics-v4"",""evidence"":{""semantic"":""date_clustered_equal_weight_compounded_cost_net_absolute_return"",""production_effect"":false,""materialization_source"":""learning_target_join""}},{""metric"":""turnover_after_cost"",""value"":0.392771,""status"":""ready"",""sample_count"":2287,""mature_dates"":12,""outcome_as_of_date"":""2026-09-01"",""definition_version"":""strategy-evidence-metrics-v4"",""evidence"":{""semantic"":""cost_net_mean_return_per_one_way_turnover"",""average_one_way_turnover"":0.091198,""production_effect"":false,""materialization_source"":""learning_target_join""}},{""metric"":""regime_consistency"",""value"":-0.011481,""status"":""insufficient_samples"",""sample_count"":1426,""mature_dates"":3,""outcome_as_of_date"":""2026-09-01"",""definition_version"":""strategy-evidence-metrics-v4"",""evidence"":{""semantic"":""minimum_supported_regime_date_clustered_residual_return_lcb90"",""required_regime_partitions"":2,""required_mature_dates_per_partition"":2,""supported_regimes"":[""bull"",""sideways"",""volatile""],""observed_partitions"":[{""regime"":""bull"",""samples"":229,""dates"":3,""lcb90"":-0.011481},{""regime"":""sideways"",""samples"":1096,""dates"":8,""lcb90"":-0.010997},{""regime"":""volatile"",""samples"":101,""dates"":1,""lcb90"":null}],""eligible_partitions"":[{""regime"":""bull"",""samples"":229,""dates"":3,""lcb90"":-0.011481},{""regime"":""sideways"",""samples"":1096,""dates"":8,""lcb90"":-0.010997}],""observed_regime_count"":3,""eligible_regime_count"":2,""missing_reason"":null,""production_effect"":false,""materialization_source"":""learning_target_join""}}]","[{""metric"":""residual_return_lcb90"",""value"":-0.009365,""status"":""ready"",""sample_count"":2287,""mature_dates"":12,""outcome_as_of_date"":""2026-09-02"",""definition_version"":""strategy-evidence-metrics-v4"",""evidence"":{""semantic"":""date_clustered_equal_weight_residual_return_lcb90"",""z90"":1.281551565545,""production_effect"":false,""materialization_source"":""learning_target_join""}},{""metric"":""rank_ic"",""value"":-0.014309,""status"":""ready"",""sample_count"":2287,""mature_dates"":11,""outcome_as_of_date"":""2026-09-02"",""definition_version"":""strategy-evidence-metrics-v4"",""evidence"":{""semantic"":""mean_daily_spearman_formal_continuous_affinity_vs_residual_return"",""affinity_owner"":""strategy-threshold-margin-affinity-v2"",""fallback_owner"":null,""retired_input"":""strategy-affinity-binary-pit-reconstruction-v1"",""formal_continuous_pairs"":2287,""excluded_legacy_binary_pairs"":0,""observation_dates"":12,""estimable_dates"":11,""pair_eligible_dates"":12,""insufficient_pair_dates"":0,""constant_affinity_dates"":1,""constant_reward_dates"":0,""missing_reason"":null,""root_cause_class"":null,""remediation"":null,""production_effect"":false,""materialization_source"":""learning_target_join""}},{""metric"":""max_drawdown"",""value"":0,""status"":""ready"",""sample_count"":2287,""mature_dates"":12,""outcome_as_of_date"":""2026-09-02"",""definition_version"":""strategy-evidence-metrics-v4"",""evidence"":{""semantic"":""date_clustered_equal_weight_compounded_cost_net_absolute_return"",""production_effect"":false,""materialization_source"":""learning_target_join""}},{""metric"":""turnover_after_cost"",""value"":0.392771,""status"":""ready"",""sample_count"":2287,""mature_dates"":12,""outcome_as_of_date"":""2026-09-02"",""definition_version"":""strategy-evidence-metrics-v4"",""evidence"":{""semantic"":""cost_net_mean_return_per_one_way_turnover"",""average_one_way_turnover"":0.091198,""production_effect"":false,""materialization_source"":""learning_target_join""}},{""metric"":""regime_consistency"",""value"":-0.011481,""status"":""insufficient_samples"",""sample_count"":1426,""mature_dates"":3,""outcome_as_of_date"":""2026-09-02"",""definition_version"":""strategy-evidence-metrics-v4"",""evidence"":{""semantic"":""minimum_supported_regime_date_clustered_residual_return_lcb90"",""required_regime_partitions"":2,""required_mature_dates_per_partition"":2,""supported_regimes"":[""bull"",""sideways"",""volatile""],""observed_partitions"":[{""regime"":""bull"",""samples"":229,""dates"":3,""lcb90"":-0.011481},{""regime"":""sideways"",""samples"":1096,""dates"":8,""lcb90"":-0.010997},{""regime"":""volatile"",""samples"":101,""dates"":1,""lcb90"":null}],""eligible_partitions"":[{""regime"":""bull"",""samples"":229,""dates"":3,""lcb90"":-0.011481},{""regime"":""sideways"",""samples"":1096,""dates"":8,""lcb90"":-0.010997}],""observed_regime_count"":3,""eligible_regime_count"":2,""missing_reason"":null,""production_effect"":false,""materialization_source"":""learning_target_join""}}]"
alpha223_0166,learning.avg_return_pct,-0.000823,-0.000647
alpha223_0166,learning.hit_rate,0.458396,0.442065
alpha223_0166,learning.latest_reward_date,2026-08-14,2026-08-25
alpha223_0166,learning.max_drawdown_pct,-0.067614,-0.077762
alpha223_0166,learning.reward_status_reason,reward evidence available through 2026-08-14,reward evidence available through 2026-08-25
alpha223_0166,learning.rolling_avg_return_pct,-0.000823,-0.000647
alpha223_0166,learning.rolling_date_return_lcb90,-0.005468,-0.003975
alpha223_0166,learning.rolling_date_return_mean,-0.001188,-0.000937
alpha223_0166,learning.rolling_hit_rate,0.458396,0.442065
alpha223_0166,learning.rolling_max_drawdown_pct,-0.067612,-0.07776
alpha223_0166,learning.rolling_reward_dates,14,20
alpha223_0166,learning.rolling_samples,2668,3642
alpha223_0166,learning.samples,2668,3642
alpha223_0166,promotion_gate.evidence.avg_return_pct,-0.000823,-0.000647
alpha223_0166,promotion_gate.evidence.date_return_lcb90,-0.005468,-0.003975
alpha223_0166,promotion_gate.evidence.hit_rate,0.458396,0.442065
alpha223_0166,promotion_gate.evidence.mature_dates,14,20
alpha223_0166,promotion_gate.evidence.max_drawdown_pct,-0.067612,-0.07776
alpha223_0166,promotion_gate.evidence.samples,2668,3642
alpha223_0248,evidence_profile.metric_evidence,"[{""metric"":""residual_return_lcb90"",""value"":-0.001048,""status"":""ready"",""sample_count"":1132,""mature_dates"":17,""outcome_as_of_date"":""2026-09-01"",""definition_version"":""strategy-evidence-metrics-v4"",""evidence"":{""semantic"":""date_clustered_equal_weight_residual_return_lcb90"",""z90"":1.281551565545,""production_effect"":false,""materialization_source"":""learning_target_join""}},{""metric"":""false_breakout_rate"",""value"":0.446996,""status"":""ready"",""sample_count"":1132,""mature_dates"":17,""outcome_as_of_date"":""2026-09-01"",""definition_version"":""strategy-evidence-metrics-v4"",""evidence"":{""semantic"":""primary_horizon_cost_net_return_non_positive_rate"",""production_effect"":false,""materialization_source"":""learning_target_join""}},{""metric"":""tail_loss_cvar95"",""value"":-0.196169,""status"":""ready"",""sample_count"":1132,""mature_dates"":17,""outcome_as_of_date"":""2026-09-01"",""definition_version"":""strategy-evidence-metrics-v4"",""evidence"":{""semantic"":""mean_worst_five_percent_cost_net_absolute_return"",""tail_samples"":57,""production_effect"":false,""materialization_source"":""learning_target_join""}},{""metric"":""turnover_after_cost"",""value"":0.109809,""status"":""ready"",""sample_count"":1132,""mature_dates"":17,""outcome_as_of_date"":""2026-09-01"",""definition_version"":""strategy-evidence-metrics-v4"",""evidence"":{""semantic"":""cost_net_mean_return_per_one_way_turnover"",""average_one_way_turnover"":0.169519,""production_effect"":false,""materialization_source"":""learning_target_join""}},{""metric"":""regime_consistency"",""value"":-0.004871,""status"":""insufficient_samples"",""sample_count"":868,""mature_dates"":3,""outcome_as_of_date"":""2026-09-01"",""definition_version"":""strategy-evidence-metrics-v4"",""evidence"":{""semantic"":""minimum_supported_regime_date_clustered_residual_return_lcb90"",""required_regime_partitions"":2,""required_mature_dates_per_partition"":2,""supported_regimes"":[""bull"",""sideways"",""volatile""],""observed_partitions"":[{""regime"":""bull"",""samples"":140,""dates"":3,""lcb90"":-0.004871},{""regime"":""sideways"",""samples"":676,""dates"":12,""lcb90"":0.000153},{""regime"":""volatile"",""samples"":52,""dates"":1,""lcb90"":null}],""eligible_partitions"":[{""regime"":""bull"",""samples"":140,""dates"":3,""lcb90"":-0.004871},{""regime"":""sideways"",""samples"":676,""dates"":12,""lcb90"":0.000153}],""observed_regime_count"":3,""eligible_regime_count"":2,""missing_reason"":null,""production_effect"":false,""materialization_source"":""learning_target_join""}}]","[{""metric"":""residual_return_lcb90"",""value"":-0.001048,""status"":""ready"",""sample_count"":1132,""mature_dates"":17,""outcome_as_of_date"":""2026-09-02"",""definition_version"":""strategy-evidence-metrics-v4"",""evidence"":{""semantic"":""date_clustered_equal_weight_residual_return_lcb90"",""z90"":1.281551565545,""production_effect"":false,""materialization_source"":""learning_target_join""}},{""metric"":""false_breakout_rate"",""value"":0.446996,""status"":""ready"",""sample_count"":1132,""mature_dates"":17,""outcome_as_of_date"":""2026-09-02"",""definition_version"":""strategy-evidence-metrics-v4"",""evidence"":{""semantic"":""primary_horizon_cost_net_return_non_positive_rate"",""production_effect"":false,""materialization_source"":""learning_target_join""}},{""metric"":""tail_loss_cvar95"",""value"":-0.196169,""status"":""ready"",""sample_count"":1132,""mature_dates"":17,""outcome_as_of_date"":""2026-09-02"",""definition_version"":""strategy-evidence-metrics-v4"",""evidence"":{""semantic"":""mean_worst_five_percent_cost_net_absolute_return"",""tail_samples"":57,""production_effect"":false,""materialization_source"":""learning_target_join""}},{""metric"":""turnover_after_cost"",""value"":0.109809,""status"":""ready"",""sample_count"":1132,""mature_dates"":17,""outcome_as_of_date"":""2026-09-02"",""definition_version"":""strategy-evidence-metrics-v4"",""evidence"":{""semantic"":""cost_net_mean_return_per_one_way_turnover"",""average_one_way_turnover"":0.169519,""production_effect"":false,""materialization_source"":""learning_target_join""}},{""metric"":""regime_consistency"",""value"":-0.004871,""status"":""insufficient_samples"",""sample_count"":868,""mature_dates"":3,""outcome_as_of_date"":""2026-09-02"",""definition_version"":""strategy-evidence-metrics-v4"",""evidence"":{""semantic"":""minimum_supported_regime_date_clustered_residual_return_lcb90"",""required_regime_partitions"":2,""required_mature_dates_per_partition"":2,""supported_regimes"":[""bull"",""sideways"",""volatile""],""observed_partitions"":[{""regime"":""bull"",""samples"":140,""dates"":3,""lcb90"":-0.004871},{""regime"":""sideways"",""samples"":676,""dates"":12,""lcb90"":0.000153},{""regime"":""volatile"",""samples"":52,""dates"":1,""lcb90"":null}],""eligible_partitions"":[{""regime"":""bull"",""samples"":140,""dates"":3,""lcb90"":-0.004871},{""regime"":""sideways"",""samples"":676,""dates"":12,""lcb90"":0.000153}],""observed_regime_count"":3,""eligible_regime_count"":2,""missing_reason"":null,""production_effect"":false,""materialization_source"":""learning_target_join""}}]"
alpha223_0248,learning.avg_return_pct,0.004529,0.003204
alpha223_0248,learning.hit_rate,0.47921,0.463485
alpha223_0248,learning.latest_reward_date,2026-08-14,2026-08-25
alpha223_0248,learning.max_drawdown_pct,-0.017725,-0.029271
alpha223_0248,learning.reward_status_reason,reward evidence available through 2026-08-14,reward evidence available through 2026-08-25
alpha223_0248,learning.rolling_avg_return_pct,0.004529,0.003204
alpha223_0248,learning.rolling_date_return_lcb90,0.001344,0.000481
alpha223_0248,learning.rolling_date_return_mean,0.004507,0.003025
alpha223_0248,learning.rolling_hit_rate,0.47921,0.463485
alpha223_0248,learning.rolling_max_drawdown_pct,-0.017725,-0.02927
alpha223_0248,learning.rolling_reward_dates,14,20
alpha223_0248,learning.rolling_samples,962,1383
alpha223_0248,learning.samples,962,1383
alpha223_0248,promotion_gate.evidence.avg_return_pct,0.004529,0.003204
alpha223_0248,promotion_gate.evidence.date_return_lcb90,0.001344,0.000481
alpha223_0248,promotion_gate.evidence.hit_rate,0.47921,0.463485
alpha223_0248,promotion_gate.evidence.mature_dates,14,20
alpha223_0248,promotion_gate.evidence.max_drawdown_pct,-0.017725,-0.02927
alpha223_0248,promotion_gate.evidence.samples,962,1383
alpha223_0283,evidence_profile.metric_evidence,"[{""metric"":""residual_return_lcb90"",""value"":-0.002069,""status"":""ready"",""sample_count"":2435,""mature_dates"":17,""outcome_as_of_date"":""2026-09-01"",""definition_version"":""strategy-evidence-metrics-v4"",""evidence"":{""semantic"":""date_clustered_equal_weight_residual_return_lcb90"",""z90"":1.281551565545,""production_effect"":false,""materialization_source"":""learning_target_join""}},{""metric"":""false_breakout_rate"",""value"":0.413552,""status"":""ready"",""sample_count"":2435,""mature_dates"":17,""outcome_as_of_date"":""2026-09-01"",""definition_version"":""strategy-evidence-metrics-v4"",""evidence"":{""semantic"":""primary_horizon_cost_net_return_non_positive_rate"",""production_effect"":false,""materialization_source"":""learning_target_join""}},{""metric"":""tail_loss_cvar95"",""value"":-0.166567,""status"":""ready"",""sample_count"":2435,""mature_dates"":17,""outcome_as_of_date"":""2026-09-01"",""definition_version"":""strategy-evidence-metrics-v4"",""evidence"":{""semantic"":""mean_worst_five_percent_cost_net_absolute_return"",""tail_samples"":122,""production_effect"":false,""materialization_source"":""learning_target_join""}},{""metric"":""turnover_after_cost"",""value"":0.146089,""status"":""ready"",""sample_count"":2435,""mature_dates"":17,""outcome_as_of_date"":""2026-09-01"",""definition_version"":""strategy-evidence-metrics-v4"",""evidence"":{""semantic"":""cost_net_mean_return_per_one_way_turnover"",""average_one_way_turnover"":0.169471,""production_effect"":false,""materialization_source"":""learning_target_join""}},{""metric"":""regime_consistency"",""value"":-0.003529,""status"":""insufficient_samples"",""sample_count"":1425,""mature_dates"":3,""outcome_as_of_date"":""2026-09-01"",""definition_version"":""strategy-evidence-metrics-v4"",""evidence"":{""semantic"":""minimum_supported_regime_date_clustered_residual_return_lcb90"",""required_regime_partitions"":2,""required_mature_dates_per_partition"":2,""supported_regimes"":[""bull"",""sideways"",""volatile""],""observed_partitions"":[{""regime"":""bull"",""samples"":168,""dates"":3,""lcb90"":-0.001709},{""regime"":""sideways"",""samples"":1185,""dates"":12,""lcb90"":-0.003529},{""regime"":""volatile"",""samples"":72,""dates"":1,""lcb90"":null}],""eligible_partitions"":[{""regime"":""bull"",""samples"":168,""dates"":3,""lcb90"":-0.001709},{""regime"":""sideways"",""samples"":1185,""dates"":12,""lcb90"":-0.003529}],""observed_regime_count"":3,""eligible_regime_count"":2,""missing_reason"":null,""production_effect"":false,""materialization_source"":""learning_target_join""}}]","[{""metric"":""residual_return_lcb90"",""value"":-0.002069,""status"":""ready"",""sample_count"":2435,""mature_dates"":17,""outcome_as_of_date"":""2026-09-02"",""definition_version"":""strategy-evidence-metrics-v4"",""evidence"":{""semantic"":""date_clustered_equal_weight_residual_return_lcb90"",""z90"":1.281551565545,""production_effect"":false,""materialization_source"":""learning_target_join""}},{""metric"":""false_breakout_rate"",""value"":0.413552,""status"":""ready"",""sample_count"":2435,""mature_dates"":17,""outcome_as_of_date"":""2026-09-02"",""definition_version"":""strategy-evidence-metrics-v4"",""evidence"":{""semantic"":""primary_horizon_cost_net_return_non_positive_rate"",""production_effect"":false,""materialization_source"":""learning_target_join""}},{""metric"":""tail_loss_cvar95"",""value"":-0.166567,""status"":""ready"",""sample_count"":2435,""mature_dates"":17,""outcome_as_of_date"":""2026-09-02"",""definition_version"":""strategy-evidence-metrics-v4"",""evidence"":{""semantic"":""mean_worst_five_percent_cost_net_absolute_return"",""tail_samples"":122,""production_effect"":false,""materialization_source"":""learning_target_join""}},{""metric"":""turnover_after_cost"",""value"":0.146089,""status"":""ready"",""sample_count"":2435,""mature_dates"":17,""outcome_as_of_date"":""2026-09-02"",""definition_version"":""strategy-evidence-metrics-v4"",""evidence"":{""semantic"":""cost_net_mean_return_per_one_way_turnover"",""average_one_way_turnover"":0.169471,""production_effect"":false,""materialization_source"":""learning_target_join""}},{""metric"":""regime_consistency"",""value"":-0.003529,""status"":""insufficient_samples"",""sample_count"":1425,""mature_dates"":3,""outcome_as_of_date"":""2026-09-02"",""definition_version"":""strategy-evidence-metrics-v4"",""evidence"":{""semantic"":""minimum_supported_regime_date_clustered_residual_return_lcb90"",""required_regime_partitions"":2,""required_mature_dates_per_partition"":2,""supported_regimes"":[""bull"",""sideways"",""volatile""],""observed_partitions"":[{""regime"":""bull"",""samples"":168,""dates"":3,""lcb90"":-0.001709},{""regime"":""sideways"",""samples"":1185,""dates"":12,""lcb90"":-0.003529},{""regime"":""volatile"",""samples"":72,""dates"":1,""lcb90"":null}],""eligible_partitions"":[{""regime"":""bull"",""samples"":168,""dates"":3,""lcb90"":-0.001709},{""regime"":""sideways"",""samples"":1185,""dates"":12,""lcb90"":-0.003529}],""observed_regime_count"":3,""eligible_regime_count"":2,""missing_reason"":null,""production_effect"":false,""materialization_source"":""learning_target_join""}}]"
alpha223_0283,learning.avg_return_pct,0.000898,0.00031
alpha223_0283,learning.hit_rate,0.461017,0.445862
alpha223_0283,learning.latest_reward_date,2026-08-14,2026-08-25
alpha223_0283,learning.max_drawdown_pct,-0.005732,-0.020023
alpha223_0283,learning.reward_status_reason,reward evidence available through 2026-08-14,reward evidence available through 2026-08-25
alpha223_0283,learning.rolling_avg_return_pct,0.000898,0.00031
alpha223_0283,learning.rolling_date_return_lcb90,-0.000445,-0.001165
alpha223_0283,learning.rolling_date_return_mean,0.000896,0.000124
alpha223_0283,learning.rolling_hit_rate,0.461017,0.445862
alpha223_0283,learning.rolling_max_drawdown_pct,-0.005732,-0.020024
alpha223_0283,learning.rolling_reward_dates,14,20
alpha223_0283,learning.rolling_samples,2065,2900
alpha223_0283,learning.samples,2065,2900
alpha223_0283,promotion_gate.evidence.avg_return_pct,0.000898,0.00031
alpha223_0283,promotion_gate.evidence.date_return_lcb90,-0.000445,-0.001165
alpha223_0283,promotion_gate.evidence.hit_rate,0.461017,0.445862
alpha223_0283,promotion_gate.evidence.mature_dates,14,20
alpha223_0283,promotion_gate.evidence.max_drawdown_pct,-0.005732,-0.020024
alpha223_0283,promotion_gate.evidence.samples,2065,2900
alpha_miner_pymoo_nsga3_novelty_0081,evidence_profile.metric_evidence,"[{""metric"":""residual_return_lcb90"",""value"":-0.012222,""status"":""ready"",""sample_count"":149,""mature_dates"":16,""outcome_as_of_date"":""2026-09-01"",""definition_version"":""strategy-evidence-metrics-v4"",""evidence"":{""semantic"":""date_clustered_equal_weight_residual_return_lcb90"",""z90"":1.281551565545,""production_effect"":false,""materialization_source"":""learning_target_join""}},{""metric"":""rank_ic"",""value"":-0.135274,""status"":""ready"",""sample_count"":149,""mature_dates"":12,""outcome_as_of_date"":""2026-09-01"",""definition_version"":""strategy-evidence-metrics-v4"",""evidence"":{""semantic"":""mean_daily_spearman_formal_continuous_affinity_vs_residual_return"",""affinity_owner"":""strategy-threshold-margin-affinity-v2"",""fallback_owner"":null,""retired_input"":""strategy-affinity-binary-pit-reconstruction-v1"",""formal_continuous_pairs"":146,""excluded_legacy_binary_pairs"":0,""observation_dates"":16,""estimable_dates"":12,""pair_eligible_dates"":14,""insufficient_pair_dates"":2,""constant_affinity_dates"":2,""constant_reward_dates"":0,""missing_reason"":null,""root_cause_class"":null,""remediation"":null,""production_effect"":false,""materialization_source"":""learning_target_join""}},{""metric"":""max_drawdown"",""value"":-0.082665,""status"":""ready"",""sample_count"":149,""mature_dates"":16,""outcome_as_of_date"":""2026-09-01"",""definition_version"":""strategy-evidence-metrics-v4"",""evidence"":{""semantic"":""date_clustered_equal_weight_compounded_cost_net_absolute_return"",""production_effect"":false,""materialization_source"":""learning_target_join""}},{""metric"":""turnover_after_cost"",""value"":0.04559,""status"":""ready"",""sample_count"":149,""mature_dates"":16,""outcome_as_of_date"":""2026-09-01"",""definition_version"":""strategy-evidence-metrics-v4"",""evidence"":{""semantic"":""cost_net_mean_return_per_one_way_turnover"",""average_one_way_turnover"":0.978333,""production_effect"":false,""materialization_source"":""learning_target_join""}},{""metric"":""regime_consistency"",""value"":-0.033373,""status"":""insufficient_samples"",""sample_count"":84,""mature_dates"":3,""outcome_as_of_date"":""2026-09-01"",""definition_version"":""strategy-evidence-metrics-v4"",""evidence"":{""semantic"":""minimum_supported_regime_date_clustered_residual_return_lcb90"",""required_regime_partitions"":2,""required_mature_dates_per_partition"":2,""supported_regimes"":[""bull"",""sideways"",""volatile""],""observed_partitions"":[{""regime"":""bull"",""samples"":7,""dates"":3,""lcb90"":-0.015449},{""regime"":""sideways"",""samples"":67,""dates"":11,""lcb90"":-0.033373},{""regime"":""volatile"",""samples"":10,""dates"":1,""lcb90"":null}],""eligible_partitions"":[{""regime"":""bull"",""samples"":7,""dates"":3,""lcb90"":-0.015449},{""regime"":""sideways"",""samples"":67,""dates"":11,""lcb90"":-0.033373}],""observed_regime_count"":3,""eligible_regime_count"":2,""missing_reason"":null,""production_effect"":false,""materialization_source"":""learning_target_join""}}]","[{""metric"":""residual_return_lcb90"",""value"":-0.012222,""status"":""ready"",""sample_count"":149,""mature_dates"":16,""outcome_as_of_date"":""2026-09-02"",""definition_version"":""strategy-evidence-metrics-v4"",""evidence"":{""semantic"":""date_clustered_equal_weight_residual_return_lcb90"",""z90"":1.281551565545,""production_effect"":false,""materialization_source"":""learning_target_join""}},{""metric"":""rank_ic"",""value"":-0.120299,""status"":""ready"",""sample_count"":149,""mature_dates"":11,""outcome_as_of_date"":""2026-09-02"",""definition_version"":""strategy-evidence-metrics-v4"",""evidence"":{""semantic"":""mean_daily_spearman_formal_continuous_affinity_vs_residual_return"",""affinity_owner"":""strategy-threshold-margin-affinity-v2"",""fallback_owner"":null,""retired_input"":""strategy-affinity-binary-pit-reconstruction-v1"",""formal_continuous_pairs"":146,""excluded_legacy_binary_pairs"":0,""observation_dates"":16,""estimable_dates"":11,""pair_eligible_dates"":14,""insufficient_pair_dates"":2,""constant_affinity_dates"":3,""constant_reward_dates"":0,""missing_reason"":null,""root_cause_class"":null,""remediation"":null,""production_effect"":false,""materialization_source"":""learning_target_join""}},{""metric"":""max_drawdown"",""value"":-0.082665,""status"":""ready"",""sample_count"":149,""mature_dates"":16,""outcome_as_of_date"":""2026-09-02"",""definition_version"":""strategy-evidence-metrics-v4"",""evidence"":{""semantic"":""date_clustered_equal_weight_compounded_cost_net_absolute_return"",""production_effect"":false,""materialization_source"":""learning_target_join""}},{""metric"":""turnover_after_cost"",""value"":0.04559,""status"":""ready"",""sample_count"":149,""mature_dates"":16,""outcome_as_of_date"":""2026-09-02"",""definition_version"":""strategy-evidence-metrics-v4"",""evidence"":{""semantic"":""cost_net_mean_return_per_one_way_turnover"",""average_one_way_turnover"":0.978333,""production_effect"":false,""materialization_source"":""learning_target_join""}},{""metric"":""regime_consistency"",""value"":-0.033373,""status"":""insufficient_samples"",""sample_count"":84,""mature_dates"":3,""outcome_as_of_date"":""2026-09-02"",""definition_version"":""strategy-evidence-metrics-v4"",""evidence"":{""semantic"":""minimum_supported_regime_date_clustered_residual_return_lcb90"",""required_regime_partitions"":2,""required_mature_dates_per_partition"":2,""supported_regimes"":[""bull"",""sideways"",""volatile""],""observed_partitions"":[{""regime"":""bull"",""samples"":7,""dates"":3,""lcb90"":-0.015449},{""regime"":""sideways"",""samples"":67,""dates"":11,""lcb90"":-0.033373},{""regime"":""volatile"",""samples"":10,""dates"":1,""lcb90"":null}],""eligible_partitions"":[{""regime"":""bull"",""samples"":7,""dates"":3,""lcb90"":-0.015449},{""regime"":""sideways"",""samples"":67,""dates"":11,""lcb90"":-0.033373}],""observed_regime_count"":3,""eligible_regime_count"":2,""missing_reason"":null,""production_effect"":false,""materialization_source"":""learning_target_join""}}]"
alpha_miner_pymoo_nsga3_novelty_0081,learning.avg_return_pct,0.012529,0.01102
alpha_miner_pymoo_nsga3_novelty_0081,learning.hit_rate,0.51875,0.47549
alpha_miner_pymoo_nsga3_novelty_0081,learning.latest_reward_date,2026-08-14,2026-08-25
alpha_miner_pymoo_nsga3_novelty_0081,learning.reward_status_reason,reward evidence available through 2026-08-14,reward evidence available through 2026-08-25
alpha_miner_pymoo_nsga3_novelty_0081,learning.rolling_avg_return_pct,0.012529,0.01102
alpha_miner_pymoo_nsga3_novelty_0081,learning.rolling_date_return_lcb90,-0.015005,-0.013384
alpha_miner_pymoo_nsga3_novelty_0081,learning.rolling_date_return_mean,0.003913,0.00115
alpha_miner_pymoo_nsga3_novelty_0081,learning.rolling_hit_rate,0.51875,0.47549
alpha_miner_pymoo_nsga3_novelty_0081,learning.rolling_reward_dates,14,19
alpha_miner_pymoo_nsga3_novelty_0081,learning.rolling_samples,160,204
alpha_miner_pymoo_nsga3_novelty_0081,learning.samples,160,204
alpha_miner_pymoo_nsga3_novelty_0081,promotion_gate.evidence.avg_return_pct,0.012529,0.01102
alpha_miner_pymoo_nsga3_novelty_0081,promotion_gate.evidence.date_return_lcb90,-0.015005,-0.013384
alpha_miner_pymoo_nsga3_novelty_0081,promotion_gate.evidence.hit_rate,0.51875,0.47549
alpha_miner_pymoo_nsga3_novelty_0081,promotion_gate.evidence.mature_dates,14,19
alpha_miner_pymoo_nsga3_novelty_0081,promotion_gate.evidence.samples,160,204
alpha_miner_pymoo_nsga3_novelty_0187,evidence_profile.metric_evidence,"[{""metric"":""residual_return_lcb90"",""value"":null,""status"":""not_available"",""sample_count"":0,""mature_dates"":0,""outcome_as_of_date"":""2026-09-01"",""definition_version"":""strategy-evidence-metrics-v4"",""evidence"":{""semantic"":""date_clustered_equal_weight_residual_return_lcb90"",""z90"":1.281551565545,""missing_reason"":""no_strategy_hits_in_observation_window"",""root_cause_class"":""strategy_coverage"",""remediation"":""shadow_coverage_diagnostics_before_threshold_change"",""observation_window_end"":""2026-09-01"",""production_effect"":false,""materialization_source"":""learning_target_join""}},{""metric"":""rank_ic"",""value"":null,""status"":""not_available"",""sample_count"":0,""mature_dates"":0,""outcome_as_of_date"":""2026-09-01"",""definition_version"":""strategy-evidence-metrics-v4"",""evidence"":{""semantic"":""mean_daily_spearman_formal_continuous_affinity_vs_residual_return"",""affinity_owner"":""strategy-threshold-margin-affinity-v2"",""fallback_owner"":null,""retired_input"":""strategy-affinity-binary-pit-reconstruction-v1"",""formal_continuous_pairs"":0,""excluded_legacy_binary_pairs"":0,""observation_dates"":0,""estimable_dates"":0,""pair_eligible_dates"":0,""insufficient_pair_dates"":0,""constant_affinity_dates"":0,""constant_reward_dates"":0,""missing_reason"":""no_strategy_hits_in_observation_window"",""root_cause_class"":""strategy_coverage"",""remediation"":""shadow_coverage_diagnostics_before_threshold_change"",""observation_window_end"":""2026-09-01"",""production_effect"":false,""materialization_source"":""learning_target_join""}},{""metric"":""max_drawdown"",""value"":null,""status"":""not_available"",""sample_count"":0,""mature_dates"":0,""outcome_as_of_date"":""2026-09-01"",""definition_version"":""strategy-evidence-metrics-v4"",""evidence"":{""semantic"":""date_clustered_equal_weight_compounded_cost_net_absolute_return"",""missing_reason"":""no_strategy_hits_in_observation_window"",""root_cause_class"":""strategy_coverage"",""remediation"":""shadow_coverage_diagnostics_before_threshold_change"",""observation_window_end"":""2026-09-01"",""production_effect"":false,""materialization_source"":""learning_target_join""}},{""metric"":""turnover_after_cost"",""value"":null,""status"":""not_available"",""sample_count"":0,""mature_dates"":0,""outcome_as_of_date"":""2026-09-01"",""definition_version"":""strategy-evidence-metrics-v4"",""evidence"":{""semantic"":""cost_net_mean_return_per_one_way_turnover"",""average_one_way_turnover"":null,""missing_reason"":""no_strategy_hits_in_observation_window"",""root_cause_class"":""strategy_coverage"",""remediation"":""shadow_coverage_diagnostics_before_threshold_change"",""observation_window_end"":""2026-09-01"",""production_effect"":false,""materialization_source"":""learning_target_join""}},{""metric"":""regime_consistency"",""value"":null,""status"":""not_available"",""sample_count"":0,""mature_dates"":0,""outcome_as_of_date"":""2026-09-01"",""definition_version"":""strategy-evidence-metrics-v4"",""evidence"":{""semantic"":""minimum_supported_regime_date_clustered_residual_return_lcb90"",""required_regime_partitions"":2,""required_mature_dates_per_partition"":2,""supported_regimes"":[""bull"",""sideways"",""volatile""],""observed_partitions"":[],""eligible_partitions"":[],""observed_regime_count"":0,""eligible_regime_count"":0,""missing_reason"":""no_strategy_hits_in_observation_window"",""root_cause_class"":""strategy_coverage"",""remediation"":""shadow_coverage_diagnostics_before_threshold_change"",""observation_window_end"":""2026-09-01"",""production_effect"":false,""materialization_source"":""learning_target_join""}}]","[{""metric"":""residual_return_lcb90"",""value"":null,""status"":""not_available"",""sample_count"":0,""mature_dates"":0,""outcome_as_of_date"":""2026-09-02"",""definition_version"":""strategy-evidence-metrics-v4"",""evidence"":{""semantic"":""date_clustered_equal_weight_residual_return_lcb90"",""z90"":1.281551565545,""missing_reason"":""no_strategy_hits_in_observation_window"",""root_cause_class"":""strategy_coverage"",""remediation"":""shadow_coverage_diagnostics_before_threshold_change"",""observation_window_end"":""2026-09-02"",""production_effect"":false,""materialization_source"":""learning_target_join""}},{""metric"":""rank_ic"",""value"":null,""status"":""not_available"",""sample_count"":0,""mature_dates"":0,""outcome_as_of_date"":""2026-09-02"",""definition_version"":""strategy-evidence-metrics-v4"",""evidence"":{""semantic"":""mean_daily_spearman_formal_continuous_affinity_vs_residual_return"",""affinity_owner"":""strategy-threshold-margin-affinity-v2"",""fallback_owner"":null,""retired_input"":""strategy-affinity-binary-pit-reconstruction-v1"",""formal_continuous_pairs"":0,""excluded_legacy_binary_pairs"":0,""observation_dates"":0,""estimable_dates"":0,""pair_eligible_dates"":0,""insufficient_pair_dates"":0,""constant_affinity_dates"":0,""constant_reward_dates"":0,""missing_reason"":""no_strategy_hits_in_observation_window"",""root_cause_class"":""strategy_coverage"",""remediation"":""shadow_coverage_diagnostics_before_threshold_change"",""observation_window_end"":""2026-09-02"",""production_effect"":false,""materialization_source"":""learning_target_join""}},{""metric"":""max_drawdown"",""value"":null,""status"":""not_available"",""sample_count"":0,""mature_dates"":0,""outcome_as_of_date"":""2026-09-02"",""definition_version"":""strategy-evidence-metrics-v4"",""evidence"":{""semantic"":""date_clustered_equal_weight_compounded_cost_net_absolute_return"",""missing_reason"":""no_strategy_hits_in_observation_window"",""root_cause_class"":""strategy_coverage"",""remediation"":""shadow_coverage_diagnostics_before_threshold_change"",""observation_window_end"":""2026-09-02"",""production_effect"":false,""materialization_source"":""learning_target_join""}},{""metric"":""turnover_after_cost"",""value"":null,""status"":""not_available"",""sample_count"":0,""mature_dates"":0,""outcome_as_of_date"":""2026-09-02"",""definition_version"":""strategy-evidence-metrics-v4"",""evidence"":{""semantic"":""cost_net_mean_return_per_one_way_turnover"",""average_one_way_turnover"":null,""missing_reason"":""no_strategy_hits_in_observation_window"",""root_cause_class"":""strategy_coverage"",""remediation"":""shadow_coverage_diagnostics_before_threshold_change"",""observation_window_end"":""2026-09-02"",""production_effect"":false,""materialization_source"":""learning_target_join""}},{""metric"":""regime_consistency"",""value"":null,""status"":""not_available"",""sample_count"":0,""mature_dates"":0,""outcome_as_of_date"":""2026-09-02"",""definition_version"":""strategy-evidence-metrics-v4"",""evidence"":{""semantic"":""minimum_supported_regime_date_clustered_residual_return_lcb90"",""required_regime_partitions"":2,""required_mature_dates_per_partition"":2,""supported_regimes"":[""bull"",""sideways"",""volatile""],""observed_partitions"":[],""eligible_partitions"":[],""observed_regime_count"":0,""eligible_regime_count"":0,""missing_reason"":""no_strategy_hits_in_observation_window"",""root_cause_class"":""strategy_coverage"",""remediation"":""shadow_coverage_diagnostics_before_threshold_change"",""observation_window_end"":""2026-09-02"",""production_effect"":false,""materialization_source"":""learning_target_join""}}]"
alpha_miner_pymoo_nsga3_novelty_0187,learning.avg_return_pct,-0.000926,0.001282
alpha_miner_pymoo_nsga3_novelty_0187,learning.hit_rate,0.468293,0.423237
alpha_miner_pymoo_nsga3_novelty_0187,learning.latest_reward_date,2026-07-23,2026-08-25
alpha_miner_pymoo_nsga3_novelty_0187,learning.max_drawdown_pct,,-0.00447
alpha_miner_pymoo_nsga3_novelty_0187,learning.reward_status_reason,reward evidence available through 2026-07-23,reward evidence available through 2026-08-25
alpha_miner_pymoo_nsga3_novelty_0187,learning.rolling_avg_return_pct,-0.000926,0.001282
alpha_miner_pymoo_nsga3_novelty_0187,learning.rolling_date_return_lcb90,-0.002215,-0.002118
alpha_miner_pymoo_nsga3_novelty_0187,learning.rolling_date_return_mean,-0.000766,0.00111
alpha_miner_pymoo_nsga3_novelty_0187,learning.rolling_hit_rate,0.468293,0.423237
alpha_miner_pymoo_nsga3_novelty_0187,learning.rolling_max_drawdown_pct,-0.001897,-0.005997
alpha_miner_pymoo_nsga3_novelty_0187,learning.rolling_reward_dates,2,5
alpha_miner_pymoo_nsga3_novelty_0187,learning.rolling_samples,205,482
alpha_miner_pymoo_nsga3_novelty_0187,learning.samples,205,482
alpha_miner_pymoo_nsga3_novelty_0187,promotion_gate.evidence.avg_return_pct,-0.000926,0.001282
alpha_miner_pymoo_nsga3_novelty_0187,promotion_gate.evidence.date_return_lcb90,-0.002215,-0.002118
alpha_miner_pymoo_nsga3_novelty_0187,promotion_gate.evidence.hit_rate,0.468293,0.423237
alpha_miner_pymoo_nsga3_novelty_0187,promotion_gate.evidence.mature_dates,2,5
alpha_miner_pymoo_nsga3_novelty_0187,promotion_gate.evidence.max_drawdown_pct,-0.001897,-0.005997
alpha_miner_pymoo_nsga3_novelty_0187,promotion_gate.evidence.samples,205,482
alpha_miner_pymoo_nsga3_novelty_0193,evidence_profile.metric_evidence,"[{""metric"":""residual_return_lcb90"",""value"":0.001387,""status"":""ready"",""sample_count"":1234,""mature_dates"":7,""outcome_as_of_date"":""2026-09-01"",""definition_version"":""strategy-evidence-metrics-v4"",""evidence"":{""semantic"":""date_clustered_equal_weight_residual_return_lcb90"",""z90"":1.281551565545,""production_effect"":false,""materialization_source"":""learning_target_join""}},{""metric"":""downside_capture"",""value"":0.952696,""status"":""ready"",""sample_count"":304,""mature_dates"":7,""outcome_as_of_date"":""2026-09-01"",""definition_version"":""strategy-evidence-metrics-v4"",""evidence"":{""semantic"":""cost_net_strategy_return_divided_by_benchmark_return_when_benchmark_negative"",""production_effect"":false,""materialization_source"":""learning_target_join""}},{""metric"":""max_drawdown"",""value"":0,""status"":""ready"",""sample_count"":1234,""mature_dates"":7,""outcome_as_of_date"":""2026-09-01"",""definition_version"":""strategy-evidence-metrics-v4"",""evidence"":{""semantic"":""date_clustered_equal_weight_compounded_cost_net_absolute_return"",""production_effect"":false,""materialization_source"":""learning_target_join""}},{""metric"":""tail_loss_cvar95"",""value"":-0.126169,""status"":""ready"",""sample_count"":1234,""mature_dates"":7,""outcome_as_of_date"":""2026-09-01"",""definition_version"":""strategy-evidence-metrics-v4"",""evidence"":{""semantic"":""mean_worst_five_percent_cost_net_absolute_return"",""tail_samples"":62,""production_effect"":false,""materialization_source"":""learning_target_join""}},{""metric"":""crowding_decay"",""value"":-0.004528,""status"":""ready"",""sample_count"":1234,""mature_dates"":7,""outcome_as_of_date"":""2026-09-01"",""definition_version"":""strategy-evidence-metrics-v4"",""evidence"":{""semantic"":""high_overlap_quartile_minus_low_overlap_quartile_residual_return"",""production_effect"":false,""materialization_source"":""learning_target_join""}}]","[{""metric"":""residual_return_lcb90"",""value"":0.001387,""status"":""ready"",""sample_count"":1234,""mature_dates"":7,""outcome_as_of_date"":""2026-09-02"",""definition_version"":""strategy-evidence-metrics-v4"",""evidence"":{""semantic"":""date_clustered_equal_weight_residual_return_lcb90"",""z90"":1.281551565545,""production_effect"":false,""materialization_source"":""learning_target_join""}},{""metric"":""downside_capture"",""value"":0.952696,""status"":""ready"",""sample_count"":304,""mature_dates"":7,""outcome_as_of_date"":""2026-09-02"",""definition_version"":""strategy-evidence-metrics-v4"",""evidence"":{""semantic"":""cost_net_strategy_return_divided_by_benchmark_return_when_benchmark_negative"",""production_effect"":false,""materialization_source"":""learning_target_join""}},{""metric"":""max_drawdown"",""value"":0,""status"":""ready"",""sample_count"":1234,""mature_dates"":7,""outcome_as_of_date"":""2026-09-02"",""definition_version"":""strategy-evidence-metrics-v4"",""evidence"":{""semantic"":""date_clustered_equal_weight_compounded_cost_net_absolute_return"",""production_effect"":false,""materialization_source"":""learning_target_join""}},{""metric"":""tail_loss_cvar95"",""value"":-0.126169,""status"":""ready"",""sample_count"":1234,""mature_dates"":7,""outcome_as_of_date"":""2026-09-02"",""definition_version"":""strategy-evidence-metrics-v4"",""evidence"":{""semantic"":""mean_worst_five_percent_cost_net_absolute_return"",""tail_samples"":62,""production_effect"":false,""materialization_source"":""learning_target_join""}},{""metric"":""crowding_decay"",""value"":-0.004528,""status"":""ready"",""sample_count"":1234,""mature_dates"":7,""outcome_as_of_date"":""2026-09-02"",""definition_version"":""strategy-evidence-metrics-v4"",""evidence"":{""semantic"":""high_overlap_quartile_minus_low_overlap_quartile_residual_return"",""production_effect"":false,""materialization_source"":""learning_target_join""}}]"
defensive_accumulation_seed_v1,evidence_profile.metric_evidence,"[{""metric"":""residual_return_lcb90"",""value"":-0.02481,""status"":""ready"",""sample_count"":1916,""mature_dates"":12,""outcome_as_of_date"":""2026-09-01"",""definition_version"":""strategy-evidence-metrics-v4"",""evidence"":{""semantic"":""date_clustered_equal_weight_residual_return_lcb90"",""z90"":1.281551565545,""production_effect"":false,""materialization_source"":""learning_target_join""}},{""metric"":""downside_capture"",""value"":1.032167,""status"":""ready"",""sample_count"":653,""mature_dates"":12,""outcome_as_of_date"":""2026-09-01"",""definition_version"":""strategy-evidence-metrics-v4"",""evidence"":{""semantic"":""cost_net_strategy_return_divided_by_benchmark_return_when_benchmark_negative"",""production_effect"":false,""materialization_source"":""learning_target_join""}},{""metric"":""max_drawdown"",""value"":-0.009357,""status"":""ready"",""sample_count"":1916,""mature_dates"":12,""outcome_as_of_date"":""2026-09-01"",""definition_version"":""strategy-evidence-metrics-v4"",""evidence"":{""semantic"":""date_clustered_equal_weight_compounded_cost_net_absolute_return"",""production_effect"":false,""materialization_source"":""learning_target_join""}},{""metric"":""tail_loss_cvar95"",""value"":-0.140946,""status"":""ready"",""sample_count"":1916,""mature_dates"":12,""outcome_as_of_date"":""2026-09-01"",""definition_version"":""strategy-evidence-metrics-v4"",""evidence"":{""semantic"":""mean_worst_five_percent_cost_net_absolute_return"",""tail_samples"":96,""production_effect"":false,""materialization_source"":""learning_target_join""}},{""metric"":""crowding_decay"",""value"":0.00446,""status"":""ready"",""sample_count"":1916,""mature_dates"":12,""outcome_as_of_date"":""2026-09-01"",""definition_version"":""strategy-evidence-metrics-v4"",""evidence"":{""semantic"":""high_overlap_quartile_minus_low_overlap_quartile_residual_return"",""production_effect"":false,""materialization_source"":""learning_target_join""}}]","[{""metric"":""residual_return_lcb90"",""value"":-0.02481,""status"":""ready"",""sample_count"":1916,""mature_dates"":12,""outcome_as_of_date"":""2026-09-02"",""definition_version"":""strategy-evidence-metrics-v4"",""evidence"":{""semantic"":""date_clustered_equal_weight_residual_return_lcb90"",""z90"":1.281551565545,""production_effect"":false,""materialization_source"":""learning_target_join""}},{""metric"":""downside_capture"",""value"":1.032167,""status"":""ready"",""sample_count"":653,""mature_dates"":12,""outcome_as_of_date"":""2026-09-02"",""definition_version"":""strategy-evidence-metrics-v4"",""evidence"":{""semantic"":""cost_net_strategy_return_divided_by_benchmark_return_when_benchmark_negative"",""production_effect"":false,""materialization_source"":""learning_target_join""}},{""metric"":""max_drawdown"",""value"":-0.009357,""status"":""ready"",""sample_count"":1916,""mature_dates"":12,""outcome_as_of_date"":""2026-09-02"",""definition_version"":""strategy-evidence-metrics-v4"",""evidence"":{""semantic"":""date_clustered_equal_weight_compounded_cost_net_absolute_return"",""production_effect"":false,""materialization_source"":""learning_target_join""}},{""metric"":""tail_loss_cvar95"",""value"":-0.140946,""status"":""ready"",""sample_count"":1916,""mature_dates"":12,""outcome_as_of_date"":""2026-09-02"",""definition_version"":""strategy-evidence-metrics-v4"",""evidence"":{""semantic"":""mean_worst_five_percent_cost_net_absolute_return"",""tail_samples"":96,""production_effect"":false,""materialization_source"":""learning_target_join""}},{""metric"":""crowding_decay"",""value"":0.00446,""status"":""ready"",""sample_count"":1916,""mature_dates"":12,""outcome_as_of_date"":""2026-09-02"",""definition_version"":""strategy-evidence-metrics-v4"",""evidence"":{""semantic"":""high_overlap_quartile_minus_low_overlap_quartile_residual_return"",""production_effect"":false,""materialization_source"":""learning_target_join""}}]"
defensive_accumulation_seed_v1,learning.avg_return_pct,-0.005207,-0.003069
defensive_accumulation_seed_v1,learning.hit_rate,0.421333,0.421819
defensive_accumulation_seed_v1,learning.latest_reward_date,2026-08-14,2026-08-25
defensive_accumulation_seed_v1,learning.reward_status_reason,reward evidence available through 2026-08-14,reward evidence available through 2026-08-25
defensive_accumulation_seed_v1,learning.rolling_avg_return_pct,-0.005207,-0.003069
defensive_accumulation_seed_v1,learning.rolling_date_return_lcb90,-0.013368,-0.008745
defensive_accumulation_seed_v1,learning.rolling_date_return_mean,-0.007338,-0.004314
defensive_accumulation_seed_v1,learning.rolling_hit_rate,0.421333,0.421819
defensive_accumulation_seed_v1,learning.rolling_reward_dates,14,20
defensive_accumulation_seed_v1,learning.rolling_samples,2250,3089
defensive_accumulation_seed_v1,learning.samples,2250,3089
defensive_accumulation_seed_v1,promotion_gate.evidence.avg_return_pct,-0.005207,-0.003069
defensive_accumulation_seed_v1,promotion_gate.evidence.date_return_lcb90,-0.013368,-0.008745
defensive_accumulation_seed_v1,promotion_gate.evidence.hit_rate,0.421333,0.421819
defensive_accumulation_seed_v1,promotion_gate.evidence.mature_dates,14,20
defensive_accumulation_seed_v1,promotion_gate.evidence.samples,2250,3089
finlab_ai_skill_quality_trend_v1,evidence_profile.metric_evidence,"[{""metric"":""residual_return_lcb90"",""value"":-0.031958,""status"":""ready"",""sample_count"":506,""mature_dates"":12,""outcome_as_of_date"":""2026-09-01"",""definition_version"":""strategy-evidence-metrics-v4"",""evidence"":{""semantic"":""date_clustered_equal_weight_residual_return_lcb90"",""z90"":1.281551565545,""production_effect"":false,""materialization_source"":""learning_target_join""}},{""metric"":""rank_ic"",""value"":-0.223695,""status"":""ready"",""sample_count"":506,""mature_dates"":7,""outcome_as_of_date"":""2026-09-01"",""definition_version"":""strategy-evidence-metrics-v4"",""evidence"":{""semantic"":""mean_daily_spearman_formal_continuous_affinity_vs_residual_return"",""affinity_owner"":""strategy-threshold-margin-affinity-v2"",""fallback_owner"":null,""retired_input"":""strategy-affinity-binary-pit-reconstruction-v1"",""formal_continuous_pairs"":506,""excluded_legacy_binary_pairs"":0,""observation_dates"":12,""estimable_dates"":7,""pair_eligible_dates"":12,""insufficient_pair_dates"":0,""constant_affinity_dates"":5,""constant_reward_dates"":0,""missing_reason"":null,""root_cause_class"":null,""remediation"":null,""production_effect"":false,""materialization_source"":""learning_target_join""}},{""metric"":""fundamental_revision_persistence"",""value"":null,""status"":""not_available"",""sample_count"":0,""mature_dates"":0,""outcome_as_of_date"":""2026-09-01"",""definition_version"":""strategy-evidence-metrics-v4"",""evidence"":{""semantic"":""date_clustered_signed_persistence_of_consecutive_pit_revenue_change"",""source"":""market.canonical_revenue_observations_v2"",""range"":[-1,1],""estimator_modes"":[],""missing_reason"":""fewer_than_three_distinct_pit_revenue_months"",""production_effect"":false,""materialization_source"":""learning_target_join""}},{""metric"":""turnover_after_cost"",""value"":0.012741,""status"":""ready"",""sample_count"":506,""mature_dates"":12,""outcome_as_of_date"":""2026-09-01"",""definition_version"":""strategy-evidence-metrics-v4"",""evidence"":{""semantic"":""cost_net_mean_return_per_one_way_turnover"",""average_one_way_turnover"":0.333286,""production_effect"":false,""materialization_source"":""learning_target_join""}},{""metric"":""regime_consistency"",""value"":-0.046847,""status"":""insufficient_samples"",""sample_count"":328,""mature_dates"":3,""outcome_as_of_date"":""2026-09-01"",""definition_version"":""strategy-evidence-metrics-v4"",""evidence"":{""semantic"":""minimum_supported_regime_date_clustered_residual_return_lcb90"",""required_regime_partitions"":2,""required_mature_dates_per_partition"":2,""supported_regimes"":[""bull"",""sideways"",""volatile""],""observed_partitions"":[{""regime"":""bull"",""samples"":107,""dates"":3,""lcb90"":-0.019461},{""regime"":""sideways"",""samples"":207,""dates"":8,""lcb90"":-0.046847},{""regime"":""volatile"",""samples"":14,""dates"":1,""lcb90"":null}],""eligible_partitions"":[{""regime"":""bull"",""samples"":107,""dates"":3,""lcb90"":-0.019461},{""regime"":""sideways"",""samples"":207,""dates"":8,""lcb90"":-0.046847}],""observed_regime_count"":3,""eligible_regime_count"":2,""missing_reason"":null,""production_effect"":false,""materialization_source"":""learning_target_join""}}]","[{""metric"":""residual_return_lcb90"",""value"":-0.031958,""status"":""ready"",""sample_count"":506,""mature_dates"":12,""outcome_as_of_date"":""2026-09-02"",""definition_version"":""strategy-evidence-metrics-v4"",""evidence"":{""semantic"":""date_clustered_equal_weight_residual_return_lcb90"",""z90"":1.281551565545,""production_effect"":false,""materialization_source"":""learning_target_join""}},{""metric"":""rank_ic"",""value"":-0.223695,""status"":""ready"",""sample_count"":506,""mature_dates"":7,""outcome_as_of_date"":""2026-09-02"",""definition_version"":""strategy-evidence-metrics-v4"",""evidence"":{""semantic"":""mean_daily_spearman_formal_continuous_affinity_vs_residual_return"",""affinity_owner"":""strategy-threshold-margin-affinity-v2"",""fallback_owner"":null,""retired_input"":""strategy-affinity-binary-pit-reconstruction-v1"",""formal_continuous_pairs"":506,""excluded_legacy_binary_pairs"":0,""observation_dates"":12,""estimable_dates"":7,""pair_eligible_dates"":12,""insufficient_pair_dates"":0,""constant_affinity_dates"":5,""constant_reward_dates"":0,""missing_reason"":null,""root_cause_class"":null,""remediation"":null,""production_effect"":false,""materialization_source"":""learning_target_join""}},{""metric"":""fundamental_revision_persistence"",""value"":null,""status"":""not_available"",""sample_count"":0,""mature_dates"":0,""outcome_as_of_date"":""2026-09-02"",""definition_version"":""strategy-evidence-metrics-v4"",""evidence"":{""semantic"":""date_clustered_signed_persistence_of_consecutive_pit_revenue_change"",""source"":""market.canonical_revenue_observations_v2"",""range"":[-1,1],""estimator_modes"":[],""missing_reason"":""fewer_than_three_distinct_pit_revenue_months"",""production_effect"":false,""materialization_source"":""learning_target_join""}},{""metric"":""turnover_after_cost"",""value"":0.012741,""status"":""ready"",""sample_count"":506,""mature_dates"":12,""outcome_as_of_date"":""2026-09-02"",""definition_version"":""strategy-evidence-metrics-v4"",""evidence"":{""semantic"":""cost_net_mean_return_per_one_way_turnover"",""average_one_way_turnover"":0.333286,""production_effect"":false,""materialization_source"":""learning_target_join""}},{""metric"":""regime_consistency"",""value"":-0.046847,""status"":""insufficient_samples"",""sample_count"":328,""mature_dates"":3,""outcome_as_of_date"":""2026-09-02"",""definition_version"":""strategy-evidence-metrics-v4"",""evidence"":{""semantic"":""minimum_supported_regime_date_clustered_residual_return_lcb90"",""required_regime_partitions"":2,""required_mature_dates_per_partition"":2,""supported_regimes"":[""bull"",""sideways"",""volatile""],""observed_partitions"":[{""regime"":""bull"",""samples"":107,""dates"":3,""lcb90"":-0.019461},{""regime"":""sideways"",""samples"":207,""dates"":8,""lcb90"":-0.046847},{""regime"":""volatile"",""samples"":14,""dates"":1,""lcb90"":null}],""eligible_partitions"":[{""regime"":""bull"",""samples"":107,""dates"":3,""lcb90"":-0.019461},{""regime"":""sideways"",""samples"":207,""dates"":8,""lcb90"":-0.046847}],""observed_regime_count"":3,""eligible_regime_count"":2,""missing_reason"":null,""production_effect"":false,""materialization_source"":""learning_target_join""}}]"
finlab_ai_skill_quality_trend_v1,learning.avg_return_pct,-0.009816,-0.006389
finlab_ai_skill_quality_trend_v1,learning.hit_rate,0.374795,0.386062
finlab_ai_skill_quality_trend_v1,learning.latest_reward_date,2026-08-14,2026-08-25
finlab_ai_skill_quality_trend_v1,learning.max_drawdown_pct,-0.184572,-0.189903
finlab_ai_skill_quality_trend_v1,learning.reward_status_reason,reward evidence available through 2026-08-14,reward evidence available through 2026-08-25
finlab_ai_skill_quality_trend_v1,learning.rolling_avg_return_pct,-0.009816,-0.006389
finlab_ai_skill_quality_trend_v1,learning.rolling_date_return_lcb90,-0.019197,-0.013544
finlab_ai_skill_quality_trend_v1,learning.rolling_date_return_mean,-0.011891,-0.008135
finlab_ai_skill_quality_trend_v1,learning.rolling_hit_rate,0.374795,0.386062
finlab_ai_skill_quality_trend_v1,learning.rolling_max_drawdown_pct,-0.184573,-0.189904
finlab_ai_skill_quality_trend_v1,learning.rolling_reward_dates,14,20
finlab_ai_skill_quality_trend_v1,learning.rolling_samples,611,904
finlab_ai_skill_quality_trend_v1,learning.samples,611,904
finlab_ai_skill_quality_trend_v1,promotion_gate.evidence.avg_return_pct,-0.009816,-0.006389
finlab_ai_skill_quality_trend_v1,promotion_gate.evidence.date_return_lcb90,-0.019197,-0.013544
finlab_ai_skill_quality_trend_v1,promotion_gate.evidence.hit_rate,0.374795,0.386062
finlab_ai_skill_quality_trend_v1,promotion_gate.evidence.mature_dates,14,20
finlab_ai_skill_quality_trend_v1,promotion_gate.evidence.max_drawdown_pct,-0.184573,-0.189904
finlab_ai_skill_quality_trend_v1,promotion_gate.evidence.samples,611,904
finlab_ai_skill_revenue_revision_breakout_v1,evidence_profile.metric_evidence,"[{""metric"":""residual_return_lcb90"",""value"":null,""status"":""not_available"",""sample_count"":4,""mature_dates"":1,""outcome_as_of_date"":""2026-09-01"",""definition_version"":""strategy-evidence-metrics-v4"",""evidence"":{""semantic"":""date_clustered_equal_weight_residual_return_lcb90"",""z90"":1.281551565545,""missing_reason"":""insufficient_mature_dates_for_estimator"",""root_cause_class"":""evidence_maturity"",""remediation"":""accumulate_distinct_mature_dates_without_threshold_change"",""production_effect"":false,""materialization_source"":""learning_target_join""}},{""metric"":""false_breakout_rate"",""value"":0,""status"":""insufficient_samples"",""sample_count"":4,""mature_dates"":1,""outcome_as_of_date"":""2026-09-01"",""definition_version"":""strategy-evidence-metrics-v4"",""evidence"":{""semantic"":""primary_horizon_cost_net_return_non_positive_rate"",""production_effect"":false,""materialization_source"":""learning_target_join""}},{""metric"":""fundamental_revision_persistence"",""value"":0.25,""status"":""insufficient_samples"",""sample_count"":4,""mature_dates"":1,""outcome_as_of_date"":""2026-09-01"",""definition_version"":""strategy-evidence-metrics-v4"",""evidence"":{""semantic"":""date_clustered_signed_persistence_of_consecutive_pit_revenue_change"",""source"":""market.canonical_revenue_observations_v2"",""range"":[-1,1],""estimator_modes"":[""consecutive_month_pit_trend""],""missing_reason"":null,""production_effect"":false,""materialization_source"":""learning_target_join""}},{""metric"":""turnover_after_cost"",""value"":null,""status"":""not_available"",""sample_count"":4,""mature_dates"":1,""outcome_as_of_date"":""2026-09-01"",""definition_version"":""strategy-evidence-metrics-v4"",""evidence"":{""semantic"":""cost_net_mean_return_per_one_way_turnover"",""average_one_way_turnover"":null,""missing_reason"":""insufficient_mature_dates_for_estimator"",""root_cause_class"":""evidence_maturity"",""remediation"":""accumulate_distinct_mature_dates_without_threshold_change"",""production_effect"":false,""materialization_source"":""learning_target_join""}},{""metric"":""regime_consistency"",""value"":null,""status"":""not_available"",""sample_count"":3,""mature_dates"":0,""outcome_as_of_date"":""2026-09-01"",""definition_version"":""strategy-evidence-metrics-v4"",""evidence"":{""semantic"":""minimum_supported_regime_date_clustered_residual_return_lcb90"",""required_regime_partitions"":2,""required_mature_dates_per_partition"":2,""supported_regimes"":[""bull"",""sideways"",""volatile""],""observed_partitions"":[{""regime"":""sideways"",""samples"":3,""dates"":1,""lcb90"":null}],""eligible_partitions"":[],""observed_regime_count"":1,""eligible_regime_count"":0,""missing_reason"":""fewer_than_two_supported_regimes_with_two_mature_dates"",""production_effect"":false,""materialization_source"":""learning_target_join""}}]","[{""metric"":""residual_return_lcb90"",""value"":null,""status"":""not_available"",""sample_count"":4,""mature_dates"":1,""outcome_as_of_date"":""2026-09-02"",""definition_version"":""strategy-evidence-metrics-v4"",""evidence"":{""semantic"":""date_clustered_equal_weight_residual_return_lcb90"",""z90"":1.281551565545,""missing_reason"":""insufficient_mature_dates_for_estimator"",""root_cause_class"":""evidence_maturity"",""remediation"":""accumulate_distinct_mature_dates_without_threshold_change"",""production_effect"":false,""materialization_source"":""learning_target_join""}},{""metric"":""false_breakout_rate"",""value"":0,""status"":""insufficient_samples"",""sample_count"":4,""mature_dates"":1,""outcome_as_of_date"":""2026-09-02"",""definition_version"":""strategy-evidence-metrics-v4"",""evidence"":{""semantic"":""primary_horizon_cost_net_return_non_positive_rate"",""production_effect"":false,""materialization_source"":""learning_target_join""}},{""metric"":""fundamental_revision_persistence"",""value"":0.25,""status"":""insufficient_samples"",""sample_count"":4,""mature_dates"":1,""outcome_as_of_date"":""2026-09-02"",""definition_version"":""strategy-evidence-metrics-v4"",""evidence"":{""semantic"":""date_clustered_signed_persistence_of_consecutive_pit_revenue_change"",""source"":""market.canonical_revenue_observations_v2"",""range"":[-1,1],""estimator_modes"":[""consecutive_month_pit_trend""],""missing_reason"":null,""production_effect"":false,""materialization_source"":""learning_target_join""}},{""metric"":""turnover_after_cost"",""value"":null,""status"":""not_available"",""sample_count"":4,""mature_dates"":1,""outcome_as_of_date"":""2026-09-02"",""definition_version"":""strategy-evidence-metrics-v4"",""evidence"":{""semantic"":""cost_net_mean_return_per_one_way_turnover"",""average_one_way_turnover"":null,""missing_reason"":""insufficient_mature_dates_for_estimator"",""root_cause_class"":""evidence_maturity"",""remediation"":""accumulate_distinct_mature_dates_without_threshold_change"",""production_effect"":false,""materialization_source"":""learning_target_join""}},{""metric"":""regime_consistency"",""value"":null,""status"":""not_available"",""sample_count"":3,""mature_dates"":0,""outcome_as_of_date"":""2026-09-02"",""definition_version"":""strategy-evidence-metrics-v4"",""evidence"":{""semantic"":""minimum_supported_regime_date_clustered_residual_return_lcb90"",""required_regime_partitions"":2,""required_mature_dates_per_partition"":2,""supported_regimes"":[""bull"",""sideways"",""volatile""],""observed_partitions"":[{""regime"":""sideways"",""samples"":3,""dates"":1,""lcb90"":null}],""eligible_partitions"":[],""observed_regime_count"":1,""eligible_regime_count"":0,""missing_reason"":""fewer_than_two_supported_regimes_with_two_mature_dates"",""production_effect"":false,""materialization_source"":""learning_target_join""}}]"
finlab_ai_skill_revenue_revision_breakout_v1,learning.avg_return_pct,-0.021722,0.003127
finlab_ai_skill_revenue_revision_breakout_v1,learning.hit_rate,0.375,0.409091
finlab_ai_skill_revenue_revision_breakout_v1,learning.latest_reward_date,2026-07-23,2026-08-25
finlab_ai_skill_revenue_revision_breakout_v1,learning.max_drawdown_pct,,-0.006901
finlab_ai_skill_revenue_revision_breakout_v1,learning.reward_status_reason,reward evidence available through 2026-07-23,reward evidence available through 2026-08-25
finlab_ai_skill_revenue_revision_breakout_v1,learning.rolling_avg_return_pct,-0.021722,0.003127
finlab_ai_skill_revenue_revision_breakout_v1,learning.rolling_date_return_lcb90,-0.028691,-0.01778
finlab_ai_skill_revenue_revision_breakout_v1,learning.rolling_date_return_mean,-0.023678,0.003348
finlab_ai_skill_revenue_revision_breakout_v1,learning.rolling_hit_rate,0.375,0.409091
finlab_ai_skill_revenue_revision_breakout_v1,learning.rolling_reward_dates,2,5
finlab_ai_skill_revenue_revision_breakout_v1,learning.rolling_samples,8,22
finlab_ai_skill_revenue_revision_breakout_v1,learning.samples,8,22
finlab_ai_skill_revenue_revision_breakout_v1,promotion_gate.evidence.avg_return_pct,-0.021722,0.003127
finlab_ai_skill_revenue_revision_breakout_v1,promotion_gate.evidence.date_return_lcb90,-0.028691,-0.01778
finlab_ai_skill_revenue_revision_breakout_v1,promotion_gate.evidence.hit_rate,0.375,0.409091
finlab_ai_skill_revenue_revision_breakout_v1,promotion_gate.evidence.mature_dates,2,5
finlab_ai_skill_revenue_revision_breakout_v1,promotion_gate.evidence.samples,8,22
finlab_ai_skill_reversion_value_v1,evidence_profile.metric_evidence,"[{""metric"":""residual_return_lcb90"",""value"":-0.007852,""status"":""ready"",""sample_count"":1586,""mature_dates"":15,""outcome_as_of_date"":""2026-09-01"",""definition_version"":""strategy-evidence-metrics-v4"",""evidence"":{""semantic"":""date_clustered_equal_weight_residual_return_lcb90"",""z90"":1.281551565545,""production_effect"":false,""materialization_source"":""learning_target_join""}},{""metric"":""time_to_reversion"",""value"":3.345088,""status"":""ready"",""sample_count"":1587,""mature_dates"":15,""outcome_as_of_date"":""2026-09-01"",""definition_version"":""strategy-evidence-metrics-v4"",""evidence"":{""semantic"":""earliest_discrete_evidence_horizon_with_positive_residual_return"",""resolved_samples"":794,""censored_samples"":793,""production_effect"":false,""materialization_source"":""learning_target_join""}},{""metric"":""maximum_adverse_excursion"",""value"":-0.094409,""status"":""ready"",""sample_count"":1586,""mature_dates"":15,""outcome_as_of_date"":""2026-09-01"",""definition_version"":""strategy-evidence-metrics-v4"",""evidence"":{""semantic"":""date_clustered_equal_weight_mean_adjusted_intrahorizon_maximum_adverse_excursion"",""price_source"":""market.stock_prices"",""path_window"":""canonical_selection_outcomes_v1.entry_date_through_exit_date"",""missing_reason"":null,""production_effect"":false,""materialization_source"":""learning_target_join""}},{""metric"":""tail_loss_cvar95"",""value"":-0.0721,""status"":""ready"",""sample_count"":1586,""mature_dates"":15,""outcome_as_of_date"":""2026-09-01"",""definition_version"":""strategy-evidence-metrics-v4"",""evidence"":{""semantic"":""mean_worst_five_percent_cost_net_absolute_return"",""tail_samples"":80,""production_effect"":false,""materialization_source"":""learning_target_join""}},{""metric"":""regime_consistency"",""value"":null,""status"":""not_available"",""sample_count"":790,""mature_dates"":0,""outcome_as_of_date"":""2026-09-01"",""definition_version"":""strategy-evidence-metrics-v4"",""evidence"":{""semantic"":""minimum_supported_regime_date_clustered_residual_return_lcb90"",""required_regime_partitions"":2,""required_mature_dates_per_partition"":2,""supported_regimes"":[""sideways"",""bear"",""volatile""],""observed_partitions"":[{""regime"":""bear"",""samples"":57,""dates"":1,""lcb90"":null},{""regime"":""sideways"",""samples"":701,""dates"":12,""lcb90"":-0.01017},{""regime"":""volatile"",""samples"":32,""dates"":1,""lcb90"":null}],""eligible_partitions"":[{""regime"":""sideways"",""samples"":701,""dates"":12,""lcb90"":-0.01017}],""observed_regime_count"":3,""eligible_regime_count"":1,""missing_reason"":""fewer_than_two_supported_regimes_with_two_mature_dates"",""production_effect"":false,""materialization_source"":""learning_target_join""}}]","[{""metric"":""residual_return_lcb90"",""value"":-0.007852,""status"":""ready"",""sample_count"":1586,""mature_dates"":15,""outcome_as_of_date"":""2026-09-02"",""definition_version"":""strategy-evidence-metrics-v4"",""evidence"":{""semantic"":""date_clustered_equal_weight_residual_return_lcb90"",""z90"":1.281551565545,""production_effect"":false,""materialization_source"":""learning_target_join""}},{""metric"":""time_to_reversion"",""value"":3.345088,""status"":""ready"",""sample_count"":1587,""mature_dates"":15,""outcome_as_of_date"":""2026-09-02"",""definition_version"":""strategy-evidence-metrics-v4"",""evidence"":{""semantic"":""earliest_discrete_evidence_horizon_with_positive_residual_return"",""resolved_samples"":794,""censored_samples"":793,""production_effect"":false,""materialization_source"":""learning_target_join""}},{""metric"":""maximum_adverse_excursion"",""value"":-0.094409,""status"":""ready"",""sample_count"":1586,""mature_dates"":15,""outcome_as_of_date"":""2026-09-02"",""definition_version"":""strategy-evidence-metrics-v4"",""evidence"":{""semantic"":""date_clustered_equal_weight_mean_adjusted_intrahorizon_maximum_adverse_excursion"",""price_source"":""market.stock_prices"",""path_window"":""canonical_selection_outcomes_v1.entry_date_through_exit_date"",""missing_reason"":null,""production_effect"":false,""materialization_source"":""learning_target_join""}},{""metric"":""tail_loss_cvar95"",""value"":-0.0721,""status"":""ready"",""sample_count"":1586,""mature_dates"":15,""outcome_as_of_date"":""2026-09-02"",""definition_version"":""strategy-evidence-metrics-v4"",""evidence"":{""semantic"":""mean_worst_five_percent_cost_net_absolute_return"",""tail_samples"":80,""production_effect"":false,""materialization_source"":""learning_target_join""}},{""metric"":""regime_consistency"",""value"":null,""status"":""not_available"",""sample_count"":790,""mature_dates"":0,""outcome_as_of_date"":""2026-09-02"",""definition_version"":""strategy-evidence-metrics-v4"",""evidence"":{""semantic"":""minimum_supported_regime_date_clustered_residual_return_lcb90"",""required_regime_partitions"":2,""required_mature_dates_per_partition"":2,""supported_regimes"":[""sideways"",""bear"",""volatile""],""observed_partitions"":[{""regime"":""bear"",""samples"":57,""dates"":1,""lcb90"":null},{""regime"":""sideways"",""samples"":701,""dates"":12,""lcb90"":-0.01017},{""regime"":""volatile"",""samples"":32,""dates"":1,""lcb90"":null}],""eligible_partitions"":[{""regime"":""sideways"",""samples"":701,""dates"":12,""lcb90"":-0.01017}],""observed_regime_count"":3,""eligible_regime_count"":1,""missing_reason"":""fewer_than_two_supported_regimes_with_two_mature_dates"",""production_effect"":false,""materialization_source"":""learning_target_join""}}]"
finlab_ai_skill_reversion_value_v1,learning.avg_return_pct,-0.001056,-0.004321
finlab_ai_skill_reversion_value_v1,learning.hit_rate,0.455546,0.418106
finlab_ai_skill_reversion_value_v1,learning.latest_reward_date,2026-08-14,2026-08-25
finlab_ai_skill_reversion_value_v1,learning.max_drawdown_pct,-0.060703,-0.12268
finlab_ai_skill_reversion_value_v1,learning.reward_status_reason,reward evidence available through 2026-08-14,reward evidence available through 2026-08-25
finlab_ai_skill_reversion_value_v1,learning.rolling_avg_return_pct,-0.001056,-0.004321
finlab_ai_skill_reversion_value_v1,learning.rolling_date_return_lcb90,-0.007222,-0.009369
finlab_ai_skill_reversion_value_v1,learning.rolling_date_return_mean,0.000644,-0.004001
finlab_ai_skill_reversion_value_v1,learning.rolling_hit_rate,0.455546,0.418106
finlab_ai_skill_reversion_value_v1,learning.rolling_max_drawdown_pct,-0.060703,-0.122681
finlab_ai_skill_reversion_value_v1,learning.rolling_reward_dates,10,16
finlab_ai_skill_reversion_value_v1,learning.rolling_samples,1181,1679
finlab_ai_skill_reversion_value_v1,learning.samples,1181,1679
finlab_ai_skill_reversion_value_v1,promotion_gate.evidence.avg_return_pct,-0.001056,-0.004321
finlab_ai_skill_reversion_value_v1,promotion_gate.evidence.date_return_lcb90,-0.007222,-0.009369
finlab_ai_skill_reversion_value_v1,promotion_gate.evidence.hit_rate,0.455546,0.418106
finlab_ai_skill_reversion_value_v1,promotion_gate.evidence.mature_dates,10,16
finlab_ai_skill_reversion_value_v1,promotion_gate.evidence.max_drawdown_pct,-0.060703,-0.122681
finlab_ai_skill_reversion_value_v1,promotion_gate.evidence.samples,1181,1679
smrc_vwap_reclaim_v1,evidence_profile.metric_evidence,"[{""metric"":""residual_return_lcb90"",""value"":-0.026266,""status"":""ready"",""sample_count"":340,""mature_dates"":17,""outcome_as_of_date"":""2026-09-01"",""definition_version"":""strategy-evidence-metrics-v4"",""evidence"":{""semantic"":""date_clustered_equal_weight_residual_return_lcb90"",""z90"":1.281551565545,""production_effect"":false,""materialization_source"":""learning_target_join""}},{""metric"":""false_breakout_rate"",""value"":0.608824,""status"":""ready"",""sample_count"":340,""mature_dates"":17,""outcome_as_of_date"":""2026-09-01"",""definition_version"":""strategy-evidence-metrics-v4"",""evidence"":{""semantic"":""primary_horizon_cost_net_return_non_positive_rate"",""production_effect"":false,""materialization_source"":""learning_target_join""}},{""metric"":""tail_loss_cvar95"",""value"":-0.208504,""status"":""ready"",""sample_count"":340,""mature_dates"":17,""outcome_as_of_date"":""2026-09-01"",""definition_version"":""strategy-evidence-metrics-v4"",""evidence"":{""semantic"":""mean_worst_five_percent_cost_net_absolute_return"",""tail_samples"":17,""production_effect"":false,""materialization_source"":""learning_target_join""}},{""metric"":""turnover_after_cost"",""value"":-0.023835,""status"":""ready"",""sample_count"":340,""mature_dates"":17,""outcome_as_of_date"":""2026-09-01"",""definition_version"":""strategy-evidence-metrics-v4"",""evidence"":{""semantic"":""cost_net_mean_return_per_one_way_turnover"",""average_one_way_turnover"":0.739035,""production_effect"":false,""materialization_source"":""learning_target_join""}},{""metric"":""regime_consistency"",""value"":-0.035466,""status"":""insufficient_samples"",""sample_count"":244,""mature_dates"":3,""outcome_as_of_date"":""2026-09-01"",""definition_version"":""strategy-evidence-metrics-v4"",""evidence"":{""semantic"":""minimum_supported_regime_date_clustered_residual_return_lcb90"",""required_regime_partitions"":2,""required_mature_dates_per_partition"":2,""supported_regimes"":[""bull"",""sideways"",""volatile""],""observed_partitions"":[{""regime"":""bull"",""samples"":44,""dates"":3,""lcb90"":-0.030314},{""regime"":""sideways"",""samples"":192,""dates"":12,""lcb90"":-0.035466},{""regime"":""volatile"",""samples"":8,""dates"":1,""lcb90"":null}],""eligible_partitions"":[{""regime"":""bull"",""samples"":44,""dates"":3,""lcb90"":-0.030314},{""regime"":""sideways"",""samples"":192,""dates"":12,""lcb90"":-0.035466}],""observed_regime_count"":3,""eligible_regime_count"":2,""missing_reason"":null,""production_effect"":false,""materialization_source"":""learning_target_join""}}]","[{""metric"":""residual_return_lcb90"",""value"":-0.026266,""status"":""ready"",""sample_count"":340,""mature_dates"":17,""outcome_as_of_date"":""2026-09-02"",""definition_version"":""strategy-evidence-metrics-v4"",""evidence"":{""semantic"":""date_clustered_equal_weight_residual_return_lcb90"",""z90"":1.281551565545,""production_effect"":false,""materialization_source"":""learning_target_join""}},{""metric"":""false_breakout_rate"",""value"":0.608824,""status"":""ready"",""sample_count"":340,""mature_dates"":17,""outcome_as_of_date"":""2026-09-02"",""definition_version"":""strategy-evidence-metrics-v4"",""evidence"":{""semantic"":""primary_horizon_cost_net_return_non_positive_rate"",""production_effect"":false,""materialization_source"":""learning_target_join""}},{""metric"":""tail_loss_cvar95"",""value"":-0.208504,""status"":""ready"",""sample_count"":340,""mature_dates"":17,""outcome_as_of_date"":""2026-09-02"",""definition_version"":""strategy-evidence-metrics-v4"",""evidence"":{""semantic"":""mean_worst_five_percent_cost_net_absolute_return"",""tail_samples"":17,""production_effect"":false,""materialization_source"":""learning_target_join""}},{""metric"":""turnover_after_cost"",""value"":-0.023835,""status"":""ready"",""sample_count"":340,""mature_dates"":17,""outcome_as_of_date"":""2026-09-02"",""definition_version"":""strategy-evidence-metrics-v4"",""evidence"":{""semantic"":""cost_net_mean_return_per_one_way_turnover"",""average_one_way_turnover"":0.739035,""production_effect"":false,""materialization_source"":""learning_target_join""}},{""metric"":""regime_consistency"",""value"":-0.035466,""status"":""insufficient_samples"",""sample_count"":244,""mature_dates"":3,""outcome_as_of_date"":""2026-09-02"",""definition_version"":""strategy-evidence-metrics-v4"",""evidence"":{""semantic"":""minimum_supported_regime_date_clustered_residual_return_lcb90"",""required_regime_partitions"":2,""required_mature_dates_per_partition"":2,""supported_regimes"":[""bull"",""sideways"",""volatile""],""observed_partitions"":[{""regime"":""bull"",""samples"":44,""dates"":3,""lcb90"":-0.030314},{""regime"":""sideways"",""samples"":192,""dates"":12,""lcb90"":-0.035466},{""regime"":""volatile"",""samples"":8,""dates"":1,""lcb90"":null}],""eligible_partitions"":[{""regime"":""bull"",""samples"":44,""dates"":3,""lcb90"":-0.030314},{""regime"":""sideways"",""samples"":192,""dates"":12,""lcb90"":-0.035466}],""observed_regime_count"":3,""eligible_regime_count"":2,""missing_reason"":null,""production_effect"":false,""materialization_source"":""learning_target_join""}}]"
smrc_vwap_reclaim_v1,learning.avg_return_pct,-0.021973,-0.012802
smrc_vwap_reclaim_v1,learning.hit_rate,0.3213,0.370968
smrc_vwap_reclaim_v1,learning.latest_reward_date,2026-08-14,2026-08-25
smrc_vwap_reclaim_v1,learning.max_drawdown_pct,-0.277162,-0.308055
smrc_vwap_reclaim_v1,learning.reward_status_reason,reward evidence available through 2026-08-14,reward evidence available through 2026-08-25
smrc_vwap_reclaim_v1,learning.rolling_avg_return_pct,-0.021973,-0.012802
smrc_vwap_reclaim_v1,learning.rolling_date_return_lcb90,-0.028865,-0.021981
smrc_vwap_reclaim_v1,learning.rolling_date_return_mean,-0.023458,-0.015924
smrc_vwap_reclaim_v1,learning.rolling_hit_rate,0.3213,0.370968
smrc_vwap_reclaim_v1,learning.rolling_max_drawdown_pct,-0.283969,-0.31457
smrc_vwap_reclaim_v1,learning.rolling_reward_dates,14,20
smrc_vwap_reclaim_v1,learning.rolling_samples,277,434
smrc_vwap_reclaim_v1,learning.samples,277,434
smrc_vwap_reclaim_v1,promotion_gate.evidence.avg_return_pct,-0.021973,-0.012802
smrc_vwap_reclaim_v1,promotion_gate.evidence.date_return_lcb90,-0.028865,-0.021981
smrc_vwap_reclaim_v1,promotion_gate.evidence.hit_rate,0.3213,0.370968
smrc_vwap_reclaim_v1,promotion_gate.evidence.mature_dates,14,20
smrc_vwap_reclaim_v1,promotion_gate.evidence.max_drawdown_pct,-0.283969,-0.31457
smrc_vwap_reclaim_v1,promotion_gate.evidence.samples,277,434
stock_tech_s01_55d_trend_volume_breakout_v1,evidence_profile.metric_evidence,"[{""metric"":""residual_return_lcb90"",""value"":-0.045851,""status"":""ready"",""sample_count"":59,""mature_dates"":6,""outcome_as_of_date"":""2026-09-01"",""definition_version"":""strategy-evidence-metrics-v4"",""evidence"":{""semantic"":""date_clustered_equal_weight_residual_return_lcb90"",""z90"":1.281551565545,""production_effect"":false,""materialization_source"":""learning_target_join""}},{""metric"":""false_breakout_rate"",""value"":0.644068,""status"":""ready"",""sample_count"":59,""mature_dates"":6,""outcome_as_of_date"":""2026-09-01"",""definition_version"":""strategy-evidence-metrics-v4"",""evidence"":{""semantic"":""primary_horizon_cost_net_return_non_positive_rate"",""production_effect"":false,""materialization_source"":""learning_target_join""}},{""metric"":""tail_loss_cvar95"",""value"":-0.323514,""status"":""ready"",""sample_count"":59,""mature_dates"":6,""outcome_as_of_date"":""2026-09-01"",""definition_version"":""strategy-evidence-metrics-v4"",""evidence"":{""semantic"":""mean_worst_five_percent_cost_net_absolute_return"",""tail_samples"":3,""production_effect"":false,""materialization_source"":""learning_target_join""}},{""metric"":""turnover_after_cost"",""value"":-0.086747,""status"":""ready"",""sample_count"":59,""mature_dates"":6,""outcome_as_of_date"":""2026-09-01"",""definition_version"":""strategy-evidence-metrics-v4"",""evidence"":{""semantic"":""cost_net_mean_return_per_one_way_turnover"",""average_one_way_turnover"":0.624569,""production_effect"":false,""materialization_source"":""learning_target_join""}},{""metric"":""regime_consistency"",""value"":null,""status"":""not_available"",""sample_count"":32,""mature_dates"":0,""outcome_as_of_date"":""2026-09-01"",""definition_version"":""strategy-evidence-metrics-v4"",""evidence"":{""semantic"":""minimum_supported_regime_date_clustered_residual_return_lcb90"",""required_regime_partitions"":2,""required_mature_dates_per_partition"":2,""supported_regimes"":[""bull"",""volatile""],""observed_partitions"":[{""regime"":""bull"",""samples"":27,""dates"":3,""lcb90"":-0.030119},{""regime"":""volatile"",""samples"":5,""dates"":1,""lcb90"":null}],""eligible_partitions"":[{""regime"":""bull"",""samples"":27,""dates"":3,""lcb90"":-0.030119}],""observed_regime_count"":2,""eligible_regime_count"":1,""missing_reason"":""fewer_than_two_supported_regimes_with_two_mature_dates"",""production_effect"":false,""materialization_source"":""learning_target_join""}}]","[{""metric"":""residual_return_lcb90"",""value"":-0.045851,""status"":""ready"",""sample_count"":59,""mature_dates"":6,""outcome_as_of_date"":""2026-09-02"",""definition_version"":""strategy-evidence-metrics-v4"",""evidence"":{""semantic"":""date_clustered_equal_weight_residual_return_lcb90"",""z90"":1.281551565545,""production_effect"":false,""materialization_source"":""learning_target_join""}},{""metric"":""false_breakout_rate"",""value"":0.644068,""status"":""ready"",""sample_count"":59,""mature_dates"":6,""outcome_as_of_date"":""2026-09-02"",""definition_version"":""strategy-evidence-metrics-v4"",""evidence"":{""semantic"":""primary_horizon_cost_net_return_non_positive_rate"",""production_effect"":false,""materialization_source"":""learning_target_join""}},{""metric"":""tail_loss_cvar95"",""value"":-0.323514,""status"":""ready"",""sample_count"":59,""mature_dates"":6,""outcome_as_of_date"":""2026-09-02"",""definition_version"":""strategy-evidence-metrics-v4"",""evidence"":{""semantic"":""mean_worst_five_percent_cost_net_absolute_return"",""tail_samples"":3,""production_effect"":false,""materialization_source"":""learning_target_join""}},{""metric"":""turnover_after_cost"",""value"":-0.086747,""status"":""ready"",""sample_count"":59,""mature_dates"":6,""outcome_as_of_date"":""2026-09-02"",""definition_version"":""strategy-evidence-metrics-v4"",""evidence"":{""semantic"":""cost_net_mean_return_per_one_way_turnover"",""average_one_way_turnover"":0.624569,""production_effect"":false,""materialization_source"":""learning_target_join""}},{""metric"":""regime_consistency"",""value"":null,""status"":""not_available"",""sample_count"":32,""mature_dates"":0,""outcome_as_of_date"":""2026-09-02"",""definition_version"":""strategy-evidence-metrics-v4"",""evidence"":{""semantic"":""minimum_supported_regime_date_clustered_residual_return_lcb90"",""required_regime_partitions"":2,""required_mature_dates_per_partition"":2,""supported_regimes"":[""bull"",""volatile""],""observed_partitions"":[{""regime"":""bull"",""samples"":27,""dates"":3,""lcb90"":-0.030119},{""regime"":""volatile"",""samples"":5,""dates"":1,""lcb90"":null}],""eligible_partitions"":[{""regime"":""bull"",""samples"":27,""dates"":3,""lcb90"":-0.030119}],""observed_regime_count"":2,""eligible_regime_count"":1,""missing_reason"":""fewer_than_two_supported_regimes_with_two_mature_dates"",""production_effect"":false,""materialization_source"":""learning_target_join""}}]"
stock_tech_s01_55d_trend_volume_breakout_v1,learning.avg_return_pct,-0.035478,-0.028988
stock_tech_s01_55d_trend_volume_breakout_v1,learning.hit_rate,0.338983,0.362319
stock_tech_s01_55d_trend_volume_breakout_v1,learning.latest_reward_date,2026-08-13,2026-08-18
stock_tech_s01_55d_trend_volume_breakout_v1,learning.reward_status_reason,reward evidence available through 2026-08-13,reward evidence available through 2026-08-18
stock_tech_s01_55d_trend_volume_breakout_v1,learning.rolling_avg_return_pct,-0.035478,-0.028988
stock_tech_s01_55d_trend_volume_breakout_v1,learning.rolling_date_return_lcb90,-0.054526,-0.047064
stock_tech_s01_55d_trend_volume_breakout_v1,learning.rolling_date_return_mean,-0.035027,-0.028694
stock_tech_s01_55d_trend_volume_breakout_v1,learning.rolling_hit_rate,0.338983,0.362319
stock_tech_s01_55d_trend_volume_breakout_v1,learning.rolling_reward_dates,6,7
stock_tech_s01_55d_trend_volume_breakout_v1,learning.rolling_samples,59,69
stock_tech_s01_55d_trend_volume_breakout_v1,learning.samples,59,69
stock_tech_s01_55d_trend_volume_breakout_v1,promotion_gate.evidence.avg_return_pct,-0.035478,-0.028988
stock_tech_s01_55d_trend_volume_breakout_v1,promotion_gate.evidence.date_return_lcb90,-0.054526,-0.047064
stock_tech_s01_55d_trend_volume_breakout_v1,promotion_gate.evidence.hit_rate,0.338983,0.362319
stock_tech_s01_55d_trend_volume_breakout_v1,promotion_gate.evidence.mature_dates,6,7
stock_tech_s01_55d_trend_volume_breakout_v1,promotion_gate.evidence.samples,59,69
stock_tech_s02_52w_dual_momentum_v1,evidence_profile.metric_evidence,"[{""metric"":""residual_return_lcb90"",""value"":-0.002109,""status"":""ready"",""sample_count"":122,""mature_dates"":12,""outcome_as_of_date"":""2026-09-01"",""definition_version"":""strategy-evidence-metrics-v4"",""evidence"":{""semantic"":""date_clustered_equal_weight_residual_return_lcb90"",""z90"":1.281551565545,""production_effect"":false,""materialization_source"":""learning_target_join""}},{""metric"":""rank_ic"",""value"":0.10427,""status"":""ready"",""sample_count"":122,""mature_dates"":11,""outcome_as_of_date"":""2026-09-01"",""definition_version"":""strategy-evidence-metrics-v4"",""evidence"":{""semantic"":""mean_daily_spearman_formal_continuous_affinity_vs_residual_return"",""affinity_owner"":""strategy-threshold-margin-affinity-v2"",""fallback_owner"":null,""retired_input"":""strategy-affinity-binary-pit-reconstruction-v1"",""formal_continuous_pairs"":122,""excluded_legacy_binary_pairs"":0,""observation_dates"":12,""estimable_dates"":11,""pair_eligible_dates"":12,""insufficient_pair_dates"":0,""constant_affinity_dates"":1,""constant_reward_dates"":0,""missing_reason"":null,""root_cause_class"":null,""remediation"":null,""production_effect"":false,""materialization_source"":""learning_target_join""}},{""metric"":""max_drawdown"",""value"":-0.045404,""status"":""ready"",""sample_count"":122,""mature_dates"":12,""outcome_as_of_date"":""2026-09-01"",""definition_version"":""strategy-evidence-metrics-v4"",""evidence"":{""semantic"":""date_clustered_equal_weight_compounded_cost_net_absolute_return"",""production_effect"":false,""materialization_source"":""learning_target_join""}},{""metric"":""turnover_after_cost"",""value"":0.380994,""status"":""ready"",""sample_count"":122,""mature_dates"":12,""outcome_as_of_date"":""2026-09-01"",""definition_version"":""strategy-evidence-metrics-v4"",""evidence"":{""semantic"":""cost_net_mean_return_per_one_way_turnover"",""average_one_way_turnover"":0.206612,""production_effect"":false,""materialization_source"":""learning_target_join""}},{""metric"":""regime_consistency"",""value"":0.006757,""status"":""insufficient_samples"",""sample_count"":111,""mature_dates"":3,""outcome_as_of_date"":""2026-09-01"",""definition_version"":""strategy-evidence-metrics-v4"",""evidence"":{""semantic"":""minimum_supported_regime_date_clustered_residual_return_lcb90"",""required_regime_partitions"":2,""required_mature_dates_per_partition"":2,""supported_regimes"":[""bull"",""sideways"",""volatile""],""observed_partitions"":[{""regime"":""bull"",""samples"":30,""dates"":3,""lcb90"":0.027143},{""regime"":""sideways"",""samples"":72,""dates"":8,""lcb90"":0.006757},{""regime"":""volatile"",""samples"":9,""dates"":1,""lcb90"":null}],""eligible_partitions"":[{""regime"":""bull"",""samples"":30,""dates"":3,""lcb90"":0.027143},{""regime"":""sideways"",""samples"":72,""dates"":8,""lcb90"":0.006757}],""observed_regime_count"":3,""eligible_regime_count"":2,""missing_reason"":null,""production_effect"":false,""materialization_source"":""learning_target_join""}}]","[{""metric"":""residual_return_lcb90"",""value"":-0.002109,""status"":""ready"",""sample_count"":122,""mature_dates"":12,""outcome_as_of_date"":""2026-09-02"",""definition_version"":""strategy-evidence-metrics-v4"",""evidence"":{""semantic"":""date_clustered_equal_weight_residual_return_lcb90"",""z90"":1.281551565545,""production_effect"":false,""materialization_source"":""learning_target_join""}},{""metric"":""rank_ic"",""value"":0.10427,""status"":""ready"",""sample_count"":122,""mature_dates"":11,""outcome_as_of_date"":""2026-09-02"",""definition_version"":""strategy-evidence-metrics-v4"",""evidence"":{""semantic"":""mean_daily_spearman_formal_continuous_affinity_vs_residual_return"",""affinity_owner"":""strategy-threshold-margin-affinity-v2"",""fallback_owner"":null,""retired_input"":""strategy-affinity-binary-pit-reconstruction-v1"",""formal_continuous_pairs"":122,""excluded_legacy_binary_pairs"":0,""observation_dates"":12,""estimable_dates"":11,""pair_eligible_dates"":12,""insufficient_pair_dates"":0,""constant_affinity_dates"":1,""constant_reward_dates"":0,""missing_reason"":null,""root_cause_class"":null,""remediation"":null,""production_effect"":false,""materialization_source"":""learning_target_join""}},{""metric"":""max_drawdown"",""value"":-0.045404,""status"":""ready"",""sample_count"":122,""mature_dates"":12,""outcome_as_of_date"":""2026-09-02"",""definition_version"":""strategy-evidence-metrics-v4"",""evidence"":{""semantic"":""date_clustered_equal_weight_compounded_cost_net_absolute_return"",""production_effect"":false,""materialization_source"":""learning_target_join""}},{""metric"":""turnover_after_cost"",""value"":0.380994,""status"":""ready"",""sample_count"":122,""mature_dates"":12,""outcome_as_of_date"":""2026-09-02"",""definition_version"":""strategy-evidence-metrics-v4"",""evidence"":{""semantic"":""cost_net_mean_return_per_one_way_turnover"",""average_one_way_turnover"":0.206612,""production_effect"":false,""materialization_source"":""learning_target_join""}},{""metric"":""regime_consistency"",""value"":0.006757,""status"":""insufficient_samples"",""sample_count"":111,""mature_dates"":3,""outcome_as_of_date"":""2026-09-02"",""definition_version"":""strategy-evidence-metrics-v4"",""evidence"":{""semantic"":""minimum_supported_regime_date_clustered_residual_return_lcb90"",""required_regime_partitions"":2,""required_mature_dates_per_partition"":2,""supported_regimes"":[""bull"",""sideways"",""volatile""],""observed_partitions"":[{""regime"":""bull"",""samples"":30,""dates"":3,""lcb90"":0.027143},{""regime"":""sideways"",""samples"":72,""dates"":8,""lcb90"":0.006757},{""regime"":""volatile"",""samples"":9,""dates"":1,""lcb90"":null}],""eligible_partitions"":[{""regime"":""bull"",""samples"":30,""dates"":3,""lcb90"":0.027143},{""regime"":""sideways"",""samples"":72,""dates"":8,""lcb90"":0.006757}],""observed_regime_count"":3,""eligible_regime_count"":2,""missing_reason"":null,""production_effect"":false,""materialization_source"":""learning_target_join""}}]"
stock_tech_s02_52w_dual_momentum_v1,learning.avg_return_pct,-0.004443,0.000338
stock_tech_s02_52w_dual_momentum_v1,learning.hit_rate,0.425676,0.42723
stock_tech_s02_52w_dual_momentum_v1,learning.latest_reward_date,2026-08-14,2026-08-25
stock_tech_s02_52w_dual_momentum_v1,learning.reward_status_reason,reward evidence available through 2026-08-14,reward evidence available through 2026-08-25
stock_tech_s02_52w_dual_momentum_v1,learning.rolling_avg_return_pct,-0.004443,0.000338
stock_tech_s02_52w_dual_momentum_v1,learning.rolling_date_return_lcb90,-0.018853,-0.010347
stock_tech_s02_52w_dual_momentum_v1,learning.rolling_date_return_mean,-0.004709,0.000215
stock_tech_s02_52w_dual_momentum_v1,learning.rolling_hit_rate,0.425676,0.42723
stock_tech_s02_52w_dual_momentum_v1,learning.rolling_reward_dates,14,20
stock_tech_s02_52w_dual_momentum_v1,learning.rolling_samples,148,213
stock_tech_s02_52w_dual_momentum_v1,learning.samples,148,213
stock_tech_s02_52w_dual_momentum_v1,promotion_gate.evidence.avg_return_pct,-0.004443,0.000338
stock_tech_s02_52w_dual_momentum_v1,promotion_gate.evidence.date_return_lcb90,-0.018853,-0.010347
stock_tech_s02_52w_dual_momentum_v1,promotion_gate.evidence.hit_rate,0.425676,0.42723
stock_tech_s02_52w_dual_momentum_v1,promotion_gate.evidence.mature_dates,14,20
stock_tech_s02_52w_dual_momentum_v1,promotion_gate.evidence.samples,148,213
stock_tech_s03_vcp_contraction_breakout_v1,evidence_profile.metric_evidence,"[{""metric"":""residual_return_lcb90"",""value"":null,""status"":""not_available"",""sample_count"":0,""mature_dates"":0,""outcome_as_of_date"":""2026-09-01"",""definition_version"":""strategy-evidence-metrics-v4"",""evidence"":{""semantic"":""date_clustered_equal_weight_residual_return_lcb90"",""z90"":1.281551565545,""missing_reason"":""no_strategy_hits_in_observation_window"",""root_cause_class"":""strategy_coverage"",""remediation"":""shadow_coverage_diagnostics_before_threshold_change"",""observation_window_end"":""2026-09-01"",""production_effect"":false,""materialization_source"":""learning_target_join""}},{""metric"":""false_breakout_rate"",""value"":null,""status"":""not_available"",""sample_count"":0,""mature_dates"":0,""outcome_as_of_date"":""2026-09-01"",""definition_version"":""strategy-evidence-metrics-v4"",""evidence"":{""semantic"":""primary_horizon_cost_net_return_non_positive_rate"",""missing_reason"":""no_strategy_hits_in_observation_window"",""root_cause_class"":""strategy_coverage"",""remediation"":""shadow_coverage_diagnostics_before_threshold_change"",""observation_window_end"":""2026-09-01"",""production_effect"":false,""materialization_source"":""learning_target_join""}},{""metric"":""tail_loss_cvar95"",""value"":null,""status"":""not_available"",""sample_count"":0,""mature_dates"":0,""outcome_as_of_date"":""2026-09-01"",""definition_version"":""strategy-evidence-metrics-v4"",""evidence"":{""semantic"":""mean_worst_five_percent_cost_net_absolute_return"",""tail_samples"":0,""missing_reason"":""no_strategy_hits_in_observation_window"",""root_cause_class"":""strategy_coverage"",""remediation"":""shadow_coverage_diagnostics_before_threshold_change"",""observation_window_end"":""2026-09-01"",""production_effect"":false,""materialization_source"":""learning_target_join""}},{""metric"":""turnover_after_cost"",""value"":null,""status"":""not_available"",""sample_count"":0,""mature_dates"":0,""outcome_as_of_date"":""2026-09-01"",""definition_version"":""strategy-evidence-metrics-v4"",""evidence"":{""semantic"":""cost_net_mean_return_per_one_way_turnover"",""average_one_way_turnover"":null,""missing_reason"":""no_strategy_hits_in_observation_window"",""root_cause_class"":""strategy_coverage"",""remediation"":""shadow_coverage_diagnostics_before_threshold_change"",""observation_window_end"":""2026-09-01"",""production_effect"":false,""materialization_source"":""learning_target_join""}},{""metric"":""regime_consistency"",""value"":null,""status"":""not_available"",""sample_count"":0,""mature_dates"":0,""outcome_as_of_date"":""2026-09-01"",""definition_version"":""strategy-evidence-metrics-v4"",""evidence"":{""semantic"":""minimum_supported_regime_date_clustered_residual_return_lcb90"",""required_regime_partitions"":2,""required_mature_dates_per_partition"":2,""supported_regimes"":[""bull"",""volatile""],""observed_partitions"":[],""eligible_partitions"":[],""observed_regime_count"":0,""eligible_regime_count"":0,""missing_reason"":""no_strategy_hits_in_observation_window"",""root_cause_class"":""strategy_coverage"",""remediation"":""shadow_coverage_diagnostics_before_threshold_change"",""observation_window_end"":""2026-09-01"",""production_effect"":false,""materialization_source"":""learning_target_join""}}]","[{""metric"":""residual_return_lcb90"",""value"":null,""status"":""not_available"",""sample_count"":0,""mature_dates"":0,""outcome_as_of_date"":""2026-09-02"",""definition_version"":""strategy-evidence-metrics-v4"",""evidence"":{""semantic"":""date_clustered_equal_weight_residual_return_lcb90"",""z90"":1.281551565545,""missing_reason"":""no_strategy_hits_in_observation_window"",""root_cause_class"":""strategy_coverage"",""remediation"":""shadow_coverage_diagnostics_before_threshold_change"",""observation_window_end"":""2026-09-02"",""production_effect"":false,""materialization_source"":""learning_target_join""}},{""metric"":""false_breakout_rate"",""value"":null,""status"":""not_available"",""sample_count"":0,""mature_dates"":0,""outcome_as_of_date"":""2026-09-02"",""definition_version"":""strategy-evidence-metrics-v4"",""evidence"":{""semantic"":""primary_horizon_cost_net_return_non_positive_rate"",""missing_reason"":""no_strategy_hits_in_observation_window"",""root_cause_class"":""strategy_coverage"",""remediation"":""shadow_coverage_diagnostics_before_threshold_change"",""observation_window_end"":""2026-09-02"",""production_effect"":false,""materialization_source"":""learning_target_join""}},{""metric"":""tail_loss_cvar95"",""value"":null,""status"":""not_available"",""sample_count"":0,""mature_dates"":0,""outcome_as_of_date"":""2026-09-02"",""definition_version"":""strategy-evidence-metrics-v4"",""evidence"":{""semantic"":""mean_worst_five_percent_cost_net_absolute_return"",""tail_samples"":0,""missing_reason"":""no_strategy_hits_in_observation_window"",""root_cause_class"":""strategy_coverage"",""remediation"":""shadow_coverage_diagnostics_before_threshold_change"",""observation_window_end"":""2026-09-02"",""production_effect"":false,""materialization_source"":""learning_target_join""}},{""metric"":""turnover_after_cost"",""value"":null,""status"":""not_available"",""sample_count"":0,""mature_dates"":0,""outcome_as_of_date"":""2026-09-02"",""definition_version"":""strategy-evidence-metrics-v4"",""evidence"":{""semantic"":""cost_net_mean_return_per_one_way_turnover"",""average_one_way_turnover"":null,""missing_reason"":""no_strategy_hits_in_observation_window"",""root_cause_class"":""strategy_coverage"",""remediation"":""shadow_coverage_diagnostics_before_threshold_change"",""observation_window_end"":""2026-09-02"",""production_effect"":false,""materialization_source"":""learning_target_join""}},{""metric"":""regime_consistency"",""value"":null,""status"":""not_available"",""sample_count"":0,""mature_dates"":0,""outcome_as_of_date"":""2026-09-02"",""definition_version"":""strategy-evidence-metrics-v4"",""evidence"":{""semantic"":""minimum_supported_regime_date_clustered_residual_return_lcb90"",""required_regime_partitions"":2,""required_mature_dates_per_partition"":2,""supported_regimes"":[""bull"",""volatile""],""observed_partitions"":[],""eligible_partitions"":[],""observed_regime_count"":0,""eligible_regime_count"":0,""missing_reason"":""no_strategy_hits_in_observation_window"",""root_cause_class"":""strategy_coverage"",""remediation"":""shadow_coverage_diagnostics_before_threshold_change"",""observation_window_end"":""2026-09-02"",""production_effect"":false,""materialization_source"":""learning_target_join""}}]"
stock_tech_s04_ma_deduct_turn_breakout_v1,evidence_profile.metric_evidence,"[{""metric"":""residual_return_lcb90"",""value"":-0.042829,""status"":""ready"",""sample_count"":80,""mature_dates"":12,""outcome_as_of_date"":""2026-09-01"",""definition_version"":""strategy-evidence-metrics-v4"",""evidence"":{""semantic"":""date_clustered_equal_weight_residual_return_lcb90"",""z90"":1.281551565545,""production_effect"":false,""materialization_source"":""learning_target_join""}},{""metric"":""rank_ic"",""value"":0.117208,""status"":""ready"",""sample_count"":80,""mature_dates"":6,""outcome_as_of_date"":""2026-09-01"",""definition_version"":""strategy-evidence-metrics-v4"",""evidence"":{""semantic"":""mean_daily_spearman_formal_continuous_affinity_vs_residual_return"",""affinity_owner"":""strategy-threshold-margin-affinity-v2"",""fallback_owner"":null,""retired_input"":""strategy-affinity-binary-pit-reconstruction-v1"",""formal_continuous_pairs"":78,""excluded_legacy_binary_pairs"":0,""observation_dates"":12,""estimable_dates"":6,""pair_eligible_dates"":11,""insufficient_pair_dates"":1,""constant_affinity_dates"":5,""constant_reward_dates"":0,""missing_reason"":null,""root_cause_class"":null,""remediation"":null,""production_effect"":false,""materialization_source"":""learning_target_join""}},{""metric"":""max_drawdown"",""value"":-0.178206,""status"":""ready"",""sample_count"":80,""mature_dates"":12,""outcome_as_of_date"":""2026-09-01"",""definition_version"":""strategy-evidence-metrics-v4"",""evidence"":{""semantic"":""date_clustered_equal_weight_compounded_cost_net_absolute_return"",""production_effect"":false,""materialization_source"":""learning_target_join""}},{""metric"":""turnover_after_cost"",""value"":0.005824,""status"":""ready"",""sample_count"":80,""mature_dates"":12,""outcome_as_of_date"":""2026-09-01"",""definition_version"":""strategy-evidence-metrics-v4"",""evidence"":{""semantic"":""cost_net_mean_return_per_one_way_turnover"",""average_one_way_turnover"":0.635872,""production_effect"":false,""materialization_source"":""learning_target_join""}},{""metric"":""regime_consistency"",""value"":-0.061781,""status"":""insufficient_samples"",""sample_count"":66,""mature_dates"":3,""outcome_as_of_date"":""2026-09-01"",""definition_version"":""strategy-evidence-metrics-v4"",""evidence"":{""semantic"":""minimum_supported_regime_date_clustered_residual_return_lcb90"",""required_regime_partitions"":2,""required_mature_dates_per_partition"":2,""supported_regimes"":[""bull"",""sideways"",""volatile""],""observed_partitions"":[{""regime"":""bull"",""samples"":17,""dates"":3,""lcb90"":0.00624},{""regime"":""sideways"",""samples"":40,""dates"":8,""lcb90"":-0.061781},{""regime"":""volatile"",""samples"":9,""dates"":1,""lcb90"":null}],""eligible_partitions"":[{""regime"":""bull"",""samples"":17,""dates"":3,""lcb90"":0.00624},{""regime"":""sideways"",""samples"":40,""dates"":8,""lcb90"":-0.061781}],""observed_regime_count"":3,""eligible_regime_count"":2,""missing_reason"":null,""production_effect"":false,""materialization_source"":""learning_target_join""}}]","[{""metric"":""residual_return_lcb90"",""value"":-0.042829,""status"":""ready"",""sample_count"":80,""mature_dates"":12,""outcome_as_of_date"":""2026-09-02"",""definition_version"":""strategy-evidence-metrics-v4"",""evidence"":{""semantic"":""date_clustered_equal_weight_residual_return_lcb90"",""z90"":1.281551565545,""production_effect"":false,""materialization_source"":""learning_target_join""}},{""metric"":""rank_ic"",""value"":0.117208,""status"":""ready"",""sample_count"":80,""mature_dates"":6,""outcome_as_of_date"":""2026-09-02"",""definition_version"":""strategy-evidence-metrics-v4"",""evidence"":{""semantic"":""mean_daily_spearman_formal_continuous_affinity_vs_residual_return"",""affinity_owner"":""strategy-threshold-margin-affinity-v2"",""fallback_owner"":null,""retired_input"":""strategy-affinity-binary-pit-reconstruction-v1"",""formal_continuous_pairs"":78,""excluded_legacy_binary_pairs"":0,""observation_dates"":12,""estimable_dates"":6,""pair_eligible_dates"":11,""insufficient_pair_dates"":1,""constant_affinity_dates"":5,""constant_reward_dates"":0,""missing_reason"":null,""root_cause_class"":null,""remediation"":null,""production_effect"":false,""materialization_source"":""learning_target_join""}},{""metric"":""max_drawdown"",""value"":-0.178206,""status"":""ready"",""sample_count"":80,""mature_dates"":12,""outcome_as_of_date"":""2026-09-02"",""definition_version"":""strategy-evidence-metrics-v4"",""evidence"":{""semantic"":""date_clustered_equal_weight_compounded_cost_net_absolute_return"",""production_effect"":false,""materialization_source"":""learning_target_join""}},{""metric"":""turnover_after_cost"",""value"":0.005824,""status"":""ready"",""sample_count"":80,""mature_dates"":12,""outcome_as_of_date"":""2026-09-02"",""definition_version"":""strategy-evidence-metrics-v4"",""evidence"":{""semantic"":""cost_net_mean_return_per_one_way_turnover"",""average_one_way_turnover"":0.635872,""production_effect"":false,""materialization_source"":""learning_target_join""}},{""metric"":""regime_consistency"",""value"":-0.061781,""status"":""insufficient_samples"",""sample_count"":66,""mature_dates"":3,""outcome_as_of_date"":""2026-09-02"",""definition_version"":""strategy-evidence-metrics-v4"",""evidence"":{""semantic"":""minimum_supported_regime_date_clustered_residual_return_lcb90"",""required_regime_partitions"":2,""required_mature_dates_per_partition"":2,""supported_regimes"":[""bull"",""sideways"",""volatile""],""observed_partitions"":[{""regime"":""bull"",""samples"":17,""dates"":3,""lcb90"":0.00624},{""regime"":""sideways"",""samples"":40,""dates"":8,""lcb90"":-0.061781},{""regime"":""volatile"",""samples"":9,""dates"":1,""lcb90"":null}],""eligible_partitions"":[{""regime"":""bull"",""samples"":17,""dates"":3,""lcb90"":0.00624},{""regime"":""sideways"",""samples"":40,""dates"":8,""lcb90"":-0.061781}],""observed_regime_count"":3,""eligible_regime_count"":2,""missing_reason"":null,""production_effect"":false,""materialization_source"":""learning_target_join""}}]"
stock_tech_s04_ma_deduct_turn_breakout_v1,learning.avg_return_pct,-0.038868,-0.01985
stock_tech_s04_ma_deduct_turn_breakout_v1,learning.hit_rate,0.316832,0.397516
stock_tech_s04_ma_deduct_turn_breakout_v1,learning.latest_reward_date,2026-08-14,2026-08-25
stock_tech_s04_ma_deduct_turn_breakout_v1,learning.reward_status_reason,reward evidence available through 2026-08-14,reward evidence available through 2026-08-25
stock_tech_s04_ma_deduct_turn_breakout_v1,learning.rolling_avg_return_pct,-0.038868,-0.01985
stock_tech_s04_ma_deduct_turn_breakout_v1,learning.rolling_date_return_lcb90,-0.046563,-0.031186
stock_tech_s04_ma_deduct_turn_breakout_v1,learning.rolling_date_return_mean,-0.031802,-0.018612
stock_tech_s04_ma_deduct_turn_breakout_v1,learning.rolling_hit_rate,0.316832,0.397516
stock_tech_s04_ma_deduct_turn_breakout_v1,learning.rolling_reward_dates,14,20
stock_tech_s04_ma_deduct_turn_breakout_v1,learning.rolling_samples,101,161
stock_tech_s04_ma_deduct_turn_breakout_v1,learning.samples,101,161
stock_tech_s04_ma_deduct_turn_breakout_v1,promotion_gate.evidence.avg_return_pct,-0.038868,-0.01985
stock_tech_s04_ma_deduct_turn_breakout_v1,promotion_gate.evidence.date_return_lcb90,-0.046563,-0.031186
stock_tech_s04_ma_deduct_turn_breakout_v1,promotion_gate.evidence.hit_rate,0.316832,0.397516
stock_tech_s04_ma_deduct_turn_breakout_v1,promotion_gate.evidence.mature_dates,14,20
stock_tech_s04_ma_deduct_turn_breakout_v1,promotion_gate.evidence.samples,101,161
stock_tech_s05_first_dry_pullback_v1,evidence_profile.metric_evidence,"[{""metric"":""residual_return_lcb90"",""value"":null,""status"":""not_available"",""sample_count"":0,""mature_dates"":0,""outcome_as_of_date"":""2026-09-01"",""definition_version"":""strategy-evidence-metrics-v4"",""evidence"":{""semantic"":""date_clustered_equal_weight_residual_return_lcb90"",""z90"":1.281551565545,""missing_reason"":""no_strategy_hits_in_observation_window"",""root_cause_class"":""strategy_coverage"",""remediation"":""shadow_coverage_diagnostics_before_threshold_change"",""observation_window_end"":""2026-09-01"",""production_effect"":false,""materialization_source"":""learning_target_join""}},{""metric"":""rank_ic"",""value"":null,""status"":""not_available"",""sample_count"":0,""mature_dates"":0,""outcome_as_of_date"":""2026-09-01"",""definition_version"":""strategy-evidence-metrics-v4"",""evidence"":{""semantic"":""mean_daily_spearman_formal_continuous_affinity_vs_residual_return"",""affinity_owner"":""strategy-threshold-margin-affinity-v2"",""fallback_owner"":null,""retired_input"":""strategy-affinity-binary-pit-reconstruction-v1"",""formal_continuous_pairs"":0,""excluded_legacy_binary_pairs"":0,""observation_dates"":0,""estimable_dates"":0,""pair_eligible_dates"":0,""insufficient_pair_dates"":0,""constant_affinity_dates"":0,""constant_reward_dates"":0,""missing_reason"":""no_strategy_hits_in_observation_window"",""root_cause_class"":""strategy_coverage"",""remediation"":""shadow_coverage_diagnostics_before_threshold_change"",""observation_window_end"":""2026-09-01"",""production_effect"":false,""materialization_source"":""learning_target_join""}},{""metric"":""max_drawdown"",""value"":null,""status"":""not_available"",""sample_count"":0,""mature_dates"":0,""outcome_as_of_date"":""2026-09-01"",""definition_version"":""strategy-evidence-metrics-v4"",""evidence"":{""semantic"":""date_clustered_equal_weight_compounded_cost_net_absolute_return"",""missing_reason"":""no_strategy_hits_in_observation_window"",""root_cause_class"":""strategy_coverage"",""remediation"":""shadow_coverage_diagnostics_before_threshold_change"",""observation_window_end"":""2026-09-01"",""production_effect"":false,""materialization_source"":""learning_target_join""}},{""metric"":""turnover_after_cost"",""value"":null,""status"":""not_available"",""sample_count"":0,""mature_dates"":0,""outcome_as_of_date"":""2026-09-01"",""definition_version"":""strategy-evidence-metrics-v4"",""evidence"":{""semantic"":""cost_net_mean_return_per_one_way_turnover"",""average_one_way_turnover"":null,""missing_reason"":""no_strategy_hits_in_observation_window"",""root_cause_class"":""strategy_coverage"",""remediation"":""shadow_coverage_diagnostics_before_threshold_change"",""observation_window_end"":""2026-09-01"",""production_effect"":false,""materialization_source"":""learning_target_join""}},{""metric"":""regime_consistency"",""value"":null,""status"":""not_available"",""sample_count"":0,""mature_dates"":0,""outcome_as_of_date"":""2026-09-01"",""definition_version"":""strategy-evidence-metrics-v4"",""evidence"":{""semantic"":""minimum_supported_regime_date_clustered_residual_return_lcb90"",""required_regime_partitions"":2,""required_mature_dates_per_partition"":2,""supported_regimes"":[""bull"",""sideways""],""observed_partitions"":[],""eligible_partitions"":[],""observed_regime_count"":0,""eligible_regime_count"":0,""missing_reason"":""no_strategy_hits_in_observation_window"",""root_cause_class"":""strategy_coverage"",""remediation"":""shadow_coverage_diagnostics_before_threshold_change"",""observation_window_end"":""2026-09-01"",""production_effect"":false,""materialization_source"":""learning_target_join""}}]","[{""metric"":""residual_return_lcb90"",""value"":null,""status"":""not_available"",""sample_count"":0,""mature_dates"":0,""outcome_as_of_date"":""2026-09-02"",""definition_version"":""strategy-evidence-metrics-v4"",""evidence"":{""semantic"":""date_clustered_equal_weight_residual_return_lcb90"",""z90"":1.281551565545,""missing_reason"":""no_strategy_hits_in_observation_window"",""root_cause_class"":""strategy_coverage"",""remediation"":""shadow_coverage_diagnostics_before_threshold_change"",""observation_window_end"":""2026-09-02"",""production_effect"":false,""materialization_source"":""learning_target_join""}},{""metric"":""rank_ic"",""value"":null,""status"":""not_available"",""sample_count"":0,""mature_dates"":0,""outcome_as_of_date"":""2026-09-02"",""definition_version"":""strategy-evidence-metrics-v4"",""evidence"":{""semantic"":""mean_daily_spearman_formal_continuous_affinity_vs_residual_return"",""affinity_owner"":""strategy-threshold-margin-affinity-v2"",""fallback_owner"":null,""retired_input"":""strategy-affinity-binary-pit-reconstruction-v1"",""formal_continuous_pairs"":0,""excluded_legacy_binary_pairs"":0,""observation_dates"":0,""estimable_dates"":0,""pair_eligible_dates"":0,""insufficient_pair_dates"":0,""constant_affinity_dates"":0,""constant_reward_dates"":0,""missing_reason"":""no_strategy_hits_in_observation_window"",""root_cause_class"":""strategy_coverage"",""remediation"":""shadow_coverage_diagnostics_before_threshold_change"",""observation_window_end"":""2026-09-02"",""production_effect"":false,""materialization_source"":""learning_target_join""}},{""metric"":""max_drawdown"",""value"":null,""status"":""not_available"",""sample_count"":0,""mature_dates"":0,""outcome_as_of_date"":""2026-09-02"",""definition_version"":""strategy-evidence-metrics-v4"",""evidence"":{""semantic"":""date_clustered_equal_weight_compounded_cost_net_absolute_return"",""missing_reason"":""no_strategy_hits_in_observation_window"",""root_cause_class"":""strategy_coverage"",""remediation"":""shadow_coverage_diagnostics_before_threshold_change"",""observation_window_end"":""2026-09-02"",""production_effect"":false,""materialization_source"":""learning_target_join""}},{""metric"":""turnover_after_cost"",""value"":null,""status"":""not_available"",""sample_count"":0,""mature_dates"":0,""outcome_as_of_date"":""2026-09-02"",""definition_version"":""strategy-evidence-metrics-v4"",""evidence"":{""semantic"":""cost_net_mean_return_per_one_way_turnover"",""average_one_way_turnover"":null,""missing_reason"":""no_strategy_hits_in_observation_window"",""root_cause_class"":""strategy_coverage"",""remediation"":""shadow_coverage_diagnostics_before_threshold_change"",""observation_window_end"":""2026-09-02"",""production_effect"":false,""materialization_source"":""learning_target_join""}},{""metric"":""regime_consistency"",""value"":null,""status"":""not_available"",""sample_count"":0,""mature_dates"":0,""outcome_as_of_date"":""2026-09-02"",""definition_version"":""strategy-evidence-metrics-v4"",""evidence"":{""semantic"":""minimum_supported_regime_date_clustered_residual_return_lcb90"",""required_regime_partitions"":2,""required_mature_dates_per_partition"":2,""supported_regimes"":[""bull"",""sideways""],""observed_partitions"":[],""eligible_partitions"":[],""observed_regime_count"":0,""eligible_regime_count"":0,""missing_reason"":""no_strategy_hits_in_observation_window"",""root_cause_class"":""strategy_coverage"",""remediation"":""shadow_coverage_diagnostics_before_threshold_change"",""observation_window_end"":""2026-09-02"",""production_effect"":false,""materialization_source"":""learning_target_join""}}]"
stock_tech_s06_nr7_inside_bar_breakout_v1,evidence_profile.metric_evidence,"[{""metric"":""residual_return_lcb90"",""value"":-0.033902,""status"":""ready"",""sample_count"":40,""mature_dates"":6,""outcome_as_of_date"":""2026-09-01"",""definition_version"":""strategy-evidence-metrics-v4"",""evidence"":{""semantic"":""date_clustered_equal_weight_residual_return_lcb90"",""z90"":1.281551565545,""production_effect"":false,""materialization_source"":""learning_target_join""}},{""metric"":""false_breakout_rate"",""value"":0.55,""status"":""ready"",""sample_count"":40,""mature_dates"":6,""outcome_as_of_date"":""2026-09-01"",""definition_version"":""strategy-evidence-metrics-v4"",""evidence"":{""semantic"":""primary_horizon_cost_net_return_non_positive_rate"",""production_effect"":false,""materialization_source"":""learning_target_join""}},{""metric"":""tail_loss_cvar95"",""value"":-0.341059,""status"":""ready"",""sample_count"":40,""mature_dates"":6,""outcome_as_of_date"":""2026-09-01"",""definition_version"":""strategy-evidence-metrics-v4"",""evidence"":{""semantic"":""mean_worst_five_percent_cost_net_absolute_return"",""tail_samples"":2,""production_effect"":false,""materialization_source"":""learning_target_join""}},{""metric"":""turnover_after_cost"",""value"":-0.055082,""status"":""ready"",""sample_count"":40,""mature_dates"":6,""outcome_as_of_date"":""2026-09-01"",""definition_version"":""strategy-evidence-metrics-v4"",""evidence"":{""semantic"":""cost_net_mean_return_per_one_way_turnover"",""average_one_way_turnover"":0.872857,""production_effect"":false,""materialization_source"":""learning_target_join""}},{""metric"":""regime_consistency"",""value"":null,""status"":""not_available"",""sample_count"":24,""mature_dates"":0,""outcome_as_of_date"":""2026-09-01"",""definition_version"":""strategy-evidence-metrics-v4"",""evidence"":{""semantic"":""minimum_supported_regime_date_clustered_residual_return_lcb90"",""required_regime_partitions"":2,""required_mature_dates_per_partition"":2,""supported_regimes"":[""bull"",""volatile""],""observed_partitions"":[{""regime"":""bull"",""samples"":19,""dates"":3,""lcb90"":-0.019971},{""regime"":""volatile"",""samples"":5,""dates"":1,""lcb90"":null}],""eligible_partitions"":[{""regime"":""bull"",""samples"":19,""dates"":3,""lcb90"":-0.019971}],""observed_regime_count"":2,""eligible_regime_count"":1,""missing_reason"":""fewer_than_two_supported_regimes_with_two_mature_dates"",""production_effect"":false,""materialization_source"":""learning_target_join""}}]","[{""metric"":""residual_return_lcb90"",""value"":-0.033902,""status"":""ready"",""sample_count"":40,""mature_dates"":6,""outcome_as_of_date"":""2026-09-02"",""definition_version"":""strategy-evidence-metrics-v4"",""evidence"":{""semantic"":""date_clustered_equal_weight_residual_return_lcb90"",""z90"":1.281551565545,""production_effect"":false,""materialization_source"":""learning_target_join""}},{""metric"":""false_breakout_rate"",""value"":0.55,""status"":""ready"",""sample_count"":40,""mature_dates"":6,""outcome_as_of_date"":""2026-09-02"",""definition_version"":""strategy-evidence-metrics-v4"",""evidence"":{""semantic"":""primary_horizon_cost_net_return_non_positive_rate"",""production_effect"":false,""materialization_source"":""learning_target_join""}},{""metric"":""tail_loss_cvar95"",""value"":-0.341059,""status"":""ready"",""sample_count"":40,""mature_dates"":6,""outcome_as_of_date"":""2026-09-02"",""definition_version"":""strategy-evidence-metrics-v4"",""evidence"":{""semantic"":""mean_worst_five_percent_cost_net_absolute_return"",""tail_samples"":2,""production_effect"":false,""materialization_source"":""learning_target_join""}},{""metric"":""turnover_after_cost"",""value"":-0.055082,""status"":""ready"",""sample_count"":40,""mature_dates"":6,""outcome_as_of_date"":""2026-09-02"",""definition_version"":""strategy-evidence-metrics-v4"",""evidence"":{""semantic"":""cost_net_mean_return_per_one_way_turnover"",""average_one_way_turnover"":0.872857,""production_effect"":false,""materialization_source"":""learning_target_join""}},{""metric"":""regime_consistency"",""value"":null,""status"":""not_available"",""sample_count"":24,""mature_dates"":0,""outcome_as_of_date"":""2026-09-02"",""definition_version"":""strategy-evidence-metrics-v4"",""evidence"":{""semantic"":""minimum_supported_regime_date_clustered_residual_return_lcb90"",""required_regime_partitions"":2,""required_mature_dates_per_partition"":2,""supported_regimes"":[""bull"",""volatile""],""observed_partitions"":[{""regime"":""bull"",""samples"":19,""dates"":3,""lcb90"":-0.019971},{""regime"":""volatile"",""samples"":5,""dates"":1,""lcb90"":null}],""eligible_partitions"":[{""regime"":""bull"",""samples"":19,""dates"":3,""lcb90"":-0.019971}],""observed_regime_count"":2,""eligible_regime_count"":1,""missing_reason"":""fewer_than_two_supported_regimes_with_two_mature_dates"",""production_effect"":false,""materialization_source"":""learning_target_join""}}]"
stock_tech_s06_nr7_inside_bar_breakout_v1,learning.avg_return_pct,-0.014108,-0.013153
stock_tech_s06_nr7_inside_bar_breakout_v1,learning.hit_rate,0.428571,0.416667
stock_tech_s06_nr7_inside_bar_breakout_v1,learning.latest_reward_date,2026-08-13,2026-08-18
stock_tech_s06_nr7_inside_bar_breakout_v1,learning.reward_status_reason,reward evidence available through 2026-08-13,reward evidence available through 2026-08-18
stock_tech_s06_nr7_inside_bar_breakout_v1,learning.rolling_avg_return_pct,-0.014108,-0.013153
stock_tech_s06_nr7_inside_bar_breakout_v1,learning.rolling_date_return_lcb90,-0.030287,-0.026642
stock_tech_s06_nr7_inside_bar_breakout_v1,learning.rolling_date_return_mean,-0.009352,-0.008941
stock_tech_s06_nr7_inside_bar_breakout_v1,learning.rolling_hit_rate,0.428571,0.416667
stock_tech_s06_nr7_inside_bar_breakout_v1,learning.rolling_reward_dates,6,7
stock_tech_s06_nr7_inside_bar_breakout_v1,learning.rolling_samples,42,48
stock_tech_s06_nr7_inside_bar_breakout_v1,learning.samples,42,48
stock_tech_s06_nr7_inside_bar_breakout_v1,promotion_gate.evidence.avg_return_pct,-0.014108,-0.013153
stock_tech_s06_nr7_inside_bar_breakout_v1,promotion_gate.evidence.date_return_lcb90,-0.030287,-0.026642
stock_tech_s06_nr7_inside_bar_breakout_v1,promotion_gate.evidence.hit_rate,0.428571,0.416667
stock_tech_s06_nr7_inside_bar_breakout_v1,promotion_gate.evidence.mature_dates,6,7
stock_tech_s06_nr7_inside_bar_breakout_v1,promotion_gate.evidence.samples,42,48
stock_tech_s07_2b_false_break_reversal_v1,evidence_profile.metric_evidence,"[{""metric"":""residual_return_lcb90"",""value"":-0.098346,""status"":""insufficient_samples"",""sample_count"":2,""mature_dates"":2,""outcome_as_of_date"":""2026-09-01"",""definition_version"":""strategy-evidence-metrics-v4"",""evidence"":{""semantic"":""date_clustered_equal_weight_residual_return_lcb90"",""z90"":1.281551565545,""production_effect"":false,""materialization_source"":""learning_target_join""}},{""metric"":""time_to_reversion"",""value"":3,""status"":""insufficient_samples"",""sample_count"":2,""mature_dates"":2,""outcome_as_of_date"":""2026-09-01"",""definition_version"":""strategy-evidence-metrics-v4"",""evidence"":{""semantic"":""earliest_discrete_evidence_horizon_with_positive_residual_return"",""resolved_samples"":1,""censored_samples"":1,""production_effect"":false,""materialization_source"":""learning_target_join""}},{""metric"":""maximum_adverse_excursion"",""value"":-0.018983,""status"":""insufficient_samples"",""sample_count"":2,""mature_dates"":2,""outcome_as_of_date"":""2026-09-01"",""definition_version"":""strategy-evidence-metrics-v4"",""evidence"":{""semantic"":""date_clustered_equal_weight_mean_adjusted_intrahorizon_maximum_adverse_excursion"",""price_source"":""market.stock_prices"",""path_window"":""canonical_selection_outcomes_v1.entry_date_through_exit_date"",""missing_reason"":null,""production_effect"":false,""materialization_source"":""learning_target_join""}},{""metric"":""tail_loss_cvar95"",""value"":-0.000736,""status"":""insufficient_samples"",""sample_count"":2,""mature_dates"":2,""outcome_as_of_date"":""2026-09-01"",""definition_version"":""strategy-evidence-metrics-v4"",""evidence"":{""semantic"":""mean_worst_five_percent_cost_net_absolute_return"",""tail_samples"":1,""production_effect"":false,""materialization_source"":""learning_target_join""}},{""metric"":""regime_consistency"",""value"":null,""status"":""not_available"",""sample_count"":1,""mature_dates"":0,""outcome_as_of_date"":""2026-09-01"",""definition_version"":""strategy-evidence-metrics-v4"",""evidence"":{""semantic"":""minimum_supported_regime_date_clustered_residual_return_lcb90"",""required_regime_partitions"":2,""required_mature_dates_per_partition"":2,""supported_regimes"":[""bull"",""sideways"",""volatile""],""observed_partitions"":[{""regime"":""sideways"",""samples"":1,""dates"":1,""lcb90"":null}],""eligible_partitions"":[],""observed_regime_count"":1,""eligible_regime_count"":0,""missing_reason"":""fewer_than_two_supported_regimes_with_two_mature_dates"",""production_effect"":false,""materialization_source"":""learning_target_join""}}]","[{""metric"":""residual_return_lcb90"",""value"":-0.098346,""status"":""insufficient_samples"",""sample_count"":2,""mature_dates"":2,""outcome_as_of_date"":""2026-09-02"",""definition_version"":""strategy-evidence-metrics-v4"",""evidence"":{""semantic"":""date_clustered_equal_weight_residual_return_lcb90"",""z90"":1.281551565545,""production_effect"":false,""materialization_source"":""learning_target_join""}},{""metric"":""time_to_reversion"",""value"":3,""status"":""insufficient_samples"",""sample_count"":2,""mature_dates"":2,""outcome_as_of_date"":""2026-09-02"",""definition_version"":""strategy-evidence-metrics-v4"",""evidence"":{""semantic"":""earliest_discrete_evidence_horizon_with_positive_residual_return"",""resolved_samples"":1,""censored_samples"":1,""production_effect"":false,""materialization_source"":""learning_target_join""}},{""metric"":""maximum_adverse_excursion"",""value"":-0.018983,""status"":""insufficient_samples"",""sample_count"":2,""mature_dates"":2,""outcome_as_of_date"":""2026-09-02"",""definition_version"":""strategy-evidence-metrics-v4"",""evidence"":{""semantic"":""date_clustered_equal_weight_mean_adjusted_intrahorizon_maximum_adverse_excursion"",""price_source"":""market.stock_prices"",""path_window"":""canonical_selection_outcomes_v1.entry_date_through_exit_date"",""missing_reason"":null,""production_effect"":false,""materialization_source"":""learning_target_join""}},{""metric"":""tail_loss_cvar95"",""value"":-0.000736,""status"":""insufficient_samples"",""sample_count"":2,""mature_dates"":2,""outcome_as_of_date"":""2026-09-02"",""definition_version"":""strategy-evidence-metrics-v4"",""evidence"":{""semantic"":""mean_worst_five_percent_cost_net_absolute_return"",""tail_samples"":1,""production_effect"":false,""materialization_source"":""learning_target_join""}},{""metric"":""regime_consistency"",""value"":null,""status"":""not_available"",""sample_count"":1,""mature_dates"":0,""outcome_as_of_date"":""2026-09-02"",""definition_version"":""strategy-evidence-metrics-v4"",""evidence"":{""semantic"":""minimum_supported_regime_date_clustered_residual_return_lcb90"",""required_regime_partitions"":2,""required_mature_dates_per_partition"":2,""supported_regimes"":[""bull"",""sideways"",""volatile""],""observed_partitions"":[{""regime"":""sideways"",""samples"":1,""dates"":1,""lcb90"":null}],""eligible_partitions"":[],""observed_regime_count"":1,""eligible_regime_count"":0,""missing_reason"":""fewer_than_two_supported_regimes_with_two_mature_dates"",""production_effect"":false,""materialization_source"":""learning_target_join""}}]"
stock_tech_s08_rsi2_bull_mean_reversion_v1,evidence_profile.metric_evidence,"[{""metric"":""residual_return_lcb90"",""value"":-0.002738,""status"":""ready"",""sample_count"":209,""mature_dates"":12,""outcome_as_of_date"":""2026-09-01"",""definition_version"":""strategy-evidence-metrics-v4"",""evidence"":{""semantic"":""date_clustered_equal_weight_residual_return_lcb90"",""z90"":1.281551565545,""production_effect"":false,""materialization_source"":""learning_target_join""}},{""metric"":""time_to_reversion"",""value"":3.321168,""status"":""ready"",""sample_count"":209,""mature_dates"":12,""outcome_as_of_date"":""2026-09-01"",""definition_version"":""strategy-evidence-metrics-v4"",""evidence"":{""semantic"":""earliest_discrete_evidence_horizon_with_positive_residual_return"",""resolved_samples"":137,""censored_samples"":72,""production_effect"":false,""materialization_source"":""learning_target_join""}},{""metric"":""maximum_adverse_excursion"",""value"":-0.06765,""status"":""ready"",""sample_count"":209,""mature_dates"":12,""outcome_as_of_date"":""2026-09-01"",""definition_version"":""strategy-evidence-metrics-v4"",""evidence"":{""semantic"":""date_clustered_equal_weight_mean_adjusted_intrahorizon_maximum_adverse_excursion"",""price_source"":""market.stock_prices"",""path_window"":""canonical_selection_outcomes_v1.entry_date_through_exit_date"",""missing_reason"":null,""production_effect"":false,""materialization_source"":""learning_target_join""}},{""metric"":""tail_loss_cvar95"",""value"":-0.035867,""status"":""ready"",""sample_count"":209,""mature_dates"":12,""outcome_as_of_date"":""2026-09-01"",""definition_version"":""strategy-evidence-metrics-v4"",""evidence"":{""semantic"":""mean_worst_five_percent_cost_net_absolute_return"",""tail_samples"":11,""production_effect"":false,""materialization_source"":""learning_target_join""}},{""metric"":""regime_consistency"",""value"":null,""status"":""not_available"",""sample_count"":116,""mature_dates"":0,""outcome_as_of_date"":""2026-09-01"",""definition_version"":""strategy-evidence-metrics-v4"",""evidence"":{""semantic"":""minimum_supported_regime_date_clustered_residual_return_lcb90"",""required_regime_partitions"":2,""required_mature_dates_per_partition"":2,""supported_regimes"":[""bull"",""sideways""],""observed_partitions"":[{""regime"":""sideways"",""samples"":116,""dates"":9,""lcb90"":0.010786}],""eligible_partitions"":[{""regime"":""sideways"",""samples"":116,""dates"":9,""lcb90"":0.010786}],""observed_regime_count"":1,""eligible_regime_count"":1,""missing_reason"":""fewer_than_two_supported_regimes_with_two_mature_dates"",""production_effect"":false,""materialization_source"":""learning_target_join""}}]","[{""metric"":""residual_return_lcb90"",""value"":-0.002738,""status"":""ready"",""sample_count"":209,""mature_dates"":12,""outcome_as_of_date"":""2026-09-02"",""definition_version"":""strategy-evidence-metrics-v4"",""evidence"":{""semantic"":""date_clustered_equal_weight_residual_return_lcb90"",""z90"":1.281551565545,""production_effect"":false,""materialization_source"":""learning_target_join""}},{""metric"":""time_to_reversion"",""value"":3.321168,""status"":""ready"",""sample_count"":209,""mature_dates"":12,""outcome_as_of_date"":""2026-09-02"",""definition_version"":""strategy-evidence-metrics-v4"",""evidence"":{""semantic"":""earliest_discrete_evidence_horizon_with_positive_residual_return"",""resolved_samples"":137,""censored_samples"":72,""production_effect"":false,""materialization_source"":""learning_target_join""}},{""metric"":""maximum_adverse_excursion"",""value"":-0.06765,""status"":""ready"",""sample_count"":209,""mature_dates"":12,""outcome_as_of_date"":""2026-09-02"",""definition_version"":""strategy-evidence-metrics-v4"",""evidence"":{""semantic"":""date_clustered_equal_weight_mean_adjusted_intrahorizon_maximum_adverse_excursion"",""price_source"":""market.stock_prices"",""path_window"":""canonical_selection_outcomes_v1.entry_date_through_exit_date"",""missing_reason"":null,""production_effect"":false,""materialization_source"":""learning_target_join""}},{""metric"":""tail_loss_cvar95"",""value"":-0.035867,""status"":""ready"",""sample_count"":209,""mature_dates"":12,""outcome_as_of_date"":""2026-09-02"",""definition_version"":""strategy-evidence-metrics-v4"",""evidence"":{""semantic"":""mean_worst_five_percent_cost_net_absolute_return"",""tail_samples"":11,""production_effect"":false,""materialization_source"":""learning_target_join""}},{""metric"":""regime_consistency"",""value"":null,""status"":""not_available"",""sample_count"":116,""mature_dates"":0,""outcome_as_of_date"":""2026-09-02"",""definition_version"":""strategy-evidence-metrics-v4"",""evidence"":{""semantic"":""minimum_supported_regime_date_clustered_residual_return_lcb90"",""required_regime_partitions"":2,""required_mature_dates_per_partition"":2,""supported_regimes"":[""bull"",""sideways""],""observed_partitions"":[{""regime"":""sideways"",""samples"":116,""dates"":9,""lcb90"":0.010786}],""eligible_partitions"":[{""regime"":""sideways"",""samples"":116,""dates"":9,""lcb90"":0.010786}],""observed_regime_count"":1,""eligible_regime_count"":1,""missing_reason"":""fewer_than_two_supported_regimes_with_two_mature_dates"",""production_effect"":false,""materialization_source"":""learning_target_join""}}]"
stock_tech_s08_rsi2_bull_mean_reversion_v1,learning.avg_return_pct,0.033478,0.028578
stock_tech_s08_rsi2_bull_mean_reversion_v1,learning.hit_rate,0.602273,0.564593
stock_tech_s08_rsi2_bull_mean_reversion_v1,learning.latest_reward_date,2026-08-14,2026-08-25
stock_tech_s08_rsi2_bull_mean_reversion_v1,learning.reward_status_reason,reward evidence available through 2026-08-14,reward evidence available through 2026-08-25
stock_tech_s08_rsi2_bull_mean_reversion_v1,learning.rolling_avg_return_pct,0.033478,0.028578
stock_tech_s08_rsi2_bull_mean_reversion_v1,learning.rolling_date_return_lcb90,-0.001166,-0.000462
stock_tech_s08_rsi2_bull_mean_reversion_v1,learning.rolling_date_return_mean,0.021197,0.013355
stock_tech_s08_rsi2_bull_mean_reversion_v1,learning.rolling_hit_rate,0.602273,0.564593
stock_tech_s08_rsi2_bull_mean_reversion_v1,learning.rolling_reward_dates,7,12
stock_tech_s08_rsi2_bull_mean_reversion_v1,learning.rolling_samples,176,209
stock_tech_s08_rsi2_bull_mean_reversion_v1,learning.samples,176,209
stock_tech_s08_rsi2_bull_mean_reversion_v1,promotion_gate.evidence.avg_return_pct,0.033478,0.028578
stock_tech_s08_rsi2_bull_mean_reversion_v1,promotion_gate.evidence.date_return_lcb90,-0.001166,-0.000462
stock_tech_s08_rsi2_bull_mean_reversion_v1,promotion_gate.evidence.hit_rate,0.602273,0.564593
stock_tech_s08_rsi2_bull_mean_reversion_v1,promotion_gate.evidence.mature_dates,7,12
stock_tech_s08_rsi2_bull_mean_reversion_v1,promotion_gate.evidence.samples,176,209
stock_tech_s08_rsi2_bull_mean_reversion_v1,promotion_gate.missing_evidence,"[""mature_dates_lt_10"",""atomic_replacement_v7_prefilter_failed""]","[""atomic_replacement_v7_prefilter_failed""]"
stock_tech_s08_rsi2_risk_filter_v1,evidence_profile.metric_evidence,"[{""metric"":""residual_return_lcb90"",""value"":-0.002073,""status"":""ready"",""sample_count"":997,""mature_dates"":15,""outcome_as_of_date"":""2026-09-01"",""definition_version"":""strategy-evidence-metrics-v4"",""evidence"":{""semantic"":""date_clustered_equal_weight_residual_return_lcb90"",""z90"":1.281551565545,""production_effect"":false,""materialization_source"":""learning_target_join""}},{""metric"":""time_to_reversion"",""value"":3.287197,""status"":""ready"",""sample_count"":997,""mature_dates"":15,""outcome_as_of_date"":""2026-09-01"",""definition_version"":""strategy-evidence-metrics-v4"",""evidence"":{""semantic"":""earliest_discrete_evidence_horizon_with_positive_residual_return"",""resolved_samples"":578,""censored_samples"":419,""production_effect"":false,""materialization_source"":""learning_target_join""}},{""metric"":""maximum_adverse_excursion"",""value"":-0.057981,""status"":""ready"",""sample_count"":997,""mature_dates"":15,""outcome_as_of_date"":""2026-09-01"",""definition_version"":""strategy-evidence-metrics-v4"",""evidence"":{""semantic"":""date_clustered_equal_weight_mean_adjusted_intrahorizon_maximum_adverse_excursion"",""price_source"":""market.stock_prices"",""path_window"":""canonical_selection_outcomes_v1.entry_date_through_exit_date"",""missing_reason"":null,""production_effect"":false,""materialization_source"":""learning_target_join""}},{""metric"":""tail_loss_cvar95"",""value"":-0.050258,""status"":""ready"",""sample_count"":997,""mature_dates"":15,""outcome_as_of_date"":""2026-09-01"",""definition_version"":""strategy-evidence-metrics-v4"",""evidence"":{""semantic"":""mean_worst_five_percent_cost_net_absolute_return"",""tail_samples"":50,""production_effect"":false,""materialization_source"":""learning_target_join""}},{""metric"":""regime_consistency"",""value"":null,""status"":""not_available"",""sample_count"":388,""mature_dates"":0,""outcome_as_of_date"":""2026-09-01"",""definition_version"":""strategy-evidence-metrics-v4"",""evidence"":{""semantic"":""minimum_supported_regime_date_clustered_residual_return_lcb90"",""required_regime_partitions"":2,""required_mature_dates_per_partition"":2,""supported_regimes"":[""bull"",""sideways""],""observed_partitions"":[{""regime"":""sideways"",""samples"":388,""dates"":10,""lcb90"":-0.001498}],""eligible_partitions"":[{""regime"":""sideways"",""samples"":388,""dates"":10,""lcb90"":-0.001498}],""observed_regime_count"":1,""eligible_regime_count"":1,""missing_reason"":""fewer_than_two_supported_regimes_with_two_mature_dates"",""production_effect"":false,""materialization_source"":""learning_target_join""}}]","[{""metric"":""residual_return_lcb90"",""value"":-0.002073,""status"":""ready"",""sample_count"":997,""mature_dates"":15,""outcome_as_of_date"":""2026-09-02"",""definition_version"":""strategy-evidence-metrics-v4"",""evidence"":{""semantic"":""date_clustered_equal_weight_residual_return_lcb90"",""z90"":1.281551565545,""production_effect"":false,""materialization_source"":""learning_target_join""}},{""metric"":""time_to_reversion"",""value"":3.287197,""status"":""ready"",""sample_count"":997,""mature_dates"":15,""outcome_as_of_date"":""2026-09-02"",""definition_version"":""strategy-evidence-metrics-v4"",""evidence"":{""semantic"":""earliest_discrete_evidence_horizon_with_positive_residual_return"",""resolved_samples"":578,""censored_samples"":419,""production_effect"":false,""materialization_source"":""learning_target_join""}},{""metric"":""maximum_adverse_excursion"",""value"":-0.057981,""status"":""ready"",""sample_count"":997,""mature_dates"":15,""outcome_as_of_date"":""2026-09-02"",""definition_version"":""strategy-evidence-metrics-v4"",""evidence"":{""semantic"":""date_clustered_equal_weight_mean_adjusted_intrahorizon_maximum_adverse_excursion"",""price_source"":""market.stock_prices"",""path_window"":""canonical_selection_outcomes_v1.entry_date_through_exit_date"",""missing_reason"":null,""production_effect"":false,""materialization_source"":""learning_target_join""}},{""metric"":""tail_loss_cvar95"",""value"":-0.050258,""status"":""ready"",""sample_count"":997,""mature_dates"":15,""outcome_as_of_date"":""2026-09-02"",""definition_version"":""strategy-evidence-metrics-v4"",""evidence"":{""semantic"":""mean_worst_five_percent_cost_net_absolute_return"",""tail_samples"":50,""production_effect"":false,""materialization_source"":""learning_target_join""}},{""metric"":""regime_consistency"",""value"":null,""status"":""not_available"",""sample_count"":388,""mature_dates"":0,""outcome_as_of_date"":""2026-09-02"",""definition_version"":""strategy-evidence-metrics-v4"",""evidence"":{""semantic"":""minimum_supported_regime_date_clustered_residual_return_lcb90"",""required_regime_partitions"":2,""required_mature_dates_per_partition"":2,""supported_regimes"":[""bull"",""sideways""],""observed_partitions"":[{""regime"":""sideways"",""samples"":388,""dates"":10,""lcb90"":-0.001498}],""eligible_partitions"":[{""regime"":""sideways"",""samples"":388,""dates"":10,""lcb90"":-0.001498}],""observed_regime_count"":1,""eligible_regime_count"":1,""missing_reason"":""fewer_than_two_supported_regimes_with_two_mature_dates"",""production_effect"":false,""materialization_source"":""learning_target_join""}}]"
stock_tech_s08_rsi2_risk_filter_v1,learning.avg_return_pct,0.014949,0.011053
stock_tech_s08_rsi2_risk_filter_v1,learning.hit_rate,0.517241,0.493988
stock_tech_s08_rsi2_risk_filter_v1,learning.latest_reward_date,2026-08-14,2026-08-25
stock_tech_s08_rsi2_risk_filter_v1,learning.reward_status_reason,reward evidence available through 2026-08-14,reward evidence available through 2026-08-25
stock_tech_s08_rsi2_risk_filter_v1,learning.rolling_avg_return_pct,0.014949,0.011053
stock_tech_s08_rsi2_risk_filter_v1,learning.rolling_date_return_lcb90,-0.009989,-0.006132
stock_tech_s08_rsi2_risk_filter_v1,learning.rolling_date_return_mean,-0.002425,-0.000782
stock_tech_s08_rsi2_risk_filter_v1,learning.rolling_hit_rate,0.517241,0.493988
stock_tech_s08_rsi2_risk_filter_v1,learning.rolling_reward_dates,10,15
stock_tech_s08_rsi2_risk_filter_v1,learning.rolling_samples,725,998
stock_tech_s08_rsi2_risk_filter_v1,learning.samples,725,998
stock_tech_s08_rsi2_risk_filter_v1,promotion_gate.evidence.avg_return_pct,0.014949,0.011053
stock_tech_s08_rsi2_risk_filter_v1,promotion_gate.evidence.date_return_lcb90,-0.009989,-0.006132
stock_tech_s08_rsi2_risk_filter_v1,promotion_gate.evidence.hit_rate,0.517241,0.493988
stock_tech_s08_rsi2_risk_filter_v1,promotion_gate.evidence.mature_dates,10,15
stock_tech_s08_rsi2_risk_filter_v1,promotion_gate.evidence.samples,725,998
stock_tech_s09_three_soldiers_base_breakout_v1,evidence_profile.metric_evidence,"[{""metric"":""residual_return_lcb90"",""value"":null,""status"":""not_available"",""sample_count"":0,""mature_dates"":0,""outcome_as_of_date"":""2026-09-01"",""definition_version"":""strategy-evidence-metrics-v4"",""evidence"":{""semantic"":""date_clustered_equal_weight_residual_return_lcb90"",""z90"":1.281551565545,""missing_reason"":""no_strategy_hits_in_observation_window"",""root_cause_class"":""strategy_coverage"",""remediation"":""shadow_coverage_diagnostics_before_threshold_change"",""observation_window_end"":""2026-09-01"",""production_effect"":false,""materialization_source"":""learning_target_join""}},{""metric"":""false_breakout_rate"",""value"":null,""status"":""not_available"",""sample_count"":0,""mature_dates"":0,""outcome_as_of_date"":""2026-09-01"",""definition_version"":""strategy-evidence-metrics-v4"",""evidence"":{""semantic"":""primary_horizon_cost_net_return_non_positive_rate"",""missing_reason"":""no_strategy_hits_in_observation_window"",""root_cause_class"":""strategy_coverage"",""remediation"":""shadow_coverage_diagnostics_before_threshold_change"",""observation_window_end"":""2026-09-01"",""production_effect"":false,""materialization_source"":""learning_target_join""}},{""metric"":""tail_loss_cvar95"",""value"":null,""status"":""not_available"",""sample_count"":0,""mature_dates"":0,""outcome_as_of_date"":""2026-09-01"",""definition_version"":""strategy-evidence-metrics-v4"",""evidence"":{""semantic"":""mean_worst_five_percent_cost_net_absolute_return"",""tail_samples"":0,""missing_reason"":""no_strategy_hits_in_observation_window"",""root_cause_class"":""strategy_coverage"",""remediation"":""shadow_coverage_diagnostics_before_threshold_change"",""observation_window_end"":""2026-09-01"",""production_effect"":false,""materialization_source"":""learning_target_join""}},{""metric"":""turnover_after_cost"",""value"":null,""status"":""not_available"",""sample_count"":0,""mature_dates"":0,""outcome_as_of_date"":""2026-09-01"",""definition_version"":""strategy-evidence-metrics-v4"",""evidence"":{""semantic"":""cost_net_mean_return_per_one_way_turnover"",""average_one_way_turnover"":null,""missing_reason"":""no_strategy_hits_in_observation_window"",""root_cause_class"":""strategy_coverage"",""remediation"":""shadow_coverage_diagnostics_before_threshold_change"",""observation_window_end"":""2026-09-01"",""production_effect"":false,""materialization_source"":""learning_target_join""}},{""metric"":""regime_consistency"",""value"":null,""status"":""not_available"",""sample_count"":0,""mature_dates"":0,""outcome_as_of_date"":""2026-09-01"",""definition_version"":""strategy-evidence-metrics-v4"",""evidence"":{""semantic"":""minimum_supported_regime_date_clustered_residual_return_lcb90"",""required_regime_partitions"":2,""required_mature_dates_per_partition"":2,""supported_regimes"":[""bull"",""sideways""],""observed_partitions"":[],""eligible_partitions"":[],""observed_regime_count"":0,""eligible_regime_count"":0,""missing_reason"":""no_strategy_hits_in_observation_window"",""root_cause_class"":""strategy_coverage"",""remediation"":""shadow_coverage_diagnostics_before_threshold_change"",""observation_window_end"":""2026-09-01"",""production_effect"":false,""materialization_source"":""learning_target_join""}}]","[{""metric"":""residual_return_lcb90"",""value"":null,""status"":""not_available"",""sample_count"":0,""mature_dates"":0,""outcome_as_of_date"":""2026-09-02"",""definition_version"":""strategy-evidence-metrics-v4"",""evidence"":{""semantic"":""date_clustered_equal_weight_residual_return_lcb90"",""z90"":1.281551565545,""missing_reason"":""no_strategy_hits_in_observation_window"",""root_cause_class"":""strategy_coverage"",""remediation"":""shadow_coverage_diagnostics_before_threshold_change"",""observation_window_end"":""2026-09-02"",""production_effect"":false,""materialization_source"":""learning_target_join""}},{""metric"":""false_breakout_rate"",""value"":null,""status"":""not_available"",""sample_count"":0,""mature_dates"":0,""outcome_as_of_date"":""2026-09-02"",""definition_version"":""strategy-evidence-metrics-v4"",""evidence"":{""semantic"":""primary_horizon_cost_net_return_non_positive_rate"",""missing_reason"":""no_strategy_hits_in_observation_window"",""root_cause_class"":""strategy_coverage"",""remediation"":""shadow_coverage_diagnostics_before_threshold_change"",""observation_window_end"":""2026-09-02"",""production_effect"":false,""materialization_source"":""learning_target_join""}},{""metric"":""tail_loss_cvar95"",""value"":null,""status"":""not_available"",""sample_count"":0,""mature_dates"":0,""outcome_as_of_date"":""2026-09-02"",""definition_version"":""strategy-evidence-metrics-v4"",""evidence"":{""semantic"":""mean_worst_five_percent_cost_net_absolute_return"",""tail_samples"":0,""missing_reason"":""no_strategy_hits_in_observation_window"",""root_cause_class"":""strategy_coverage"",""remediation"":""shadow_coverage_diagnostics_before_threshold_change"",""observation_window_end"":""2026-09-02"",""production_effect"":false,""materialization_source"":""learning_target_join""}},{""metric"":""turnover_after_cost"",""value"":null,""status"":""not_available"",""sample_count"":0,""mature_dates"":0,""outcome_as_of_date"":""2026-09-02"",""definition_version"":""strategy-evidence-metrics-v4"",""evidence"":{""semantic"":""cost_net_mean_return_per_one_way_turnover"",""average_one_way_turnover"":null,""missing_reason"":""no_strategy_hits_in_observation_window"",""root_cause_class"":""strategy_coverage"",""remediation"":""shadow_coverage_diagnostics_before_threshold_change"",""observation_window_end"":""2026-09-02"",""production_effect"":false,""materialization_source"":""learning_target_join""}},{""metric"":""regime_consistency"",""value"":null,""status"":""not_available"",""sample_count"":0,""mature_dates"":0,""outcome_as_of_date"":""2026-09-02"",""definition_version"":""strategy-evidence-metrics-v4"",""evidence"":{""semantic"":""minimum_supported_regime_date_clustered_residual_return_lcb90"",""required_regime_partitions"":2,""required_mature_dates_per_partition"":2,""supported_regimes"":[""bull"",""sideways""],""observed_partitions"":[],""eligible_partitions"":[],""observed_regime_count"":0,""eligible_regime_count"":0,""missing_reason"":""no_strategy_hits_in_observation_window"",""root_cause_class"":""strategy_coverage"",""remediation"":""shadow_coverage_diagnostics_before_threshold_change"",""observation_window_end"":""2026-09-02"",""production_effect"":false,""materialization_source"":""learning_target_join""}}]"
stock_tech_s10_island_reversal_v1,evidence_profile.metric_evidence,"[{""metric"":""residual_return_lcb90"",""value"":null,""status"":""not_available"",""sample_count"":0,""mature_dates"":0,""outcome_as_of_date"":""2026-09-01"",""definition_version"":""strategy-evidence-metrics-v4"",""evidence"":{""semantic"":""date_clustered_equal_weight_residual_return_lcb90"",""z90"":1.281551565545,""missing_reason"":""no_strategy_hits_in_observation_window"",""root_cause_class"":""strategy_coverage"",""remediation"":""shadow_coverage_diagnostics_before_threshold_change"",""observation_window_end"":""2026-09-01"",""production_effect"":false,""materialization_source"":""learning_target_join""}},{""metric"":""time_to_reversion"",""value"":null,""status"":""not_available"",""sample_count"":0,""mature_dates"":0,""outcome_as_of_date"":""2026-09-01"",""definition_version"":""strategy-evidence-metrics-v4"",""evidence"":{""semantic"":""earliest_discrete_evidence_horizon_with_positive_residual_return"",""resolved_samples"":0,""censored_samples"":0,""missing_reason"":""no_strategy_hits_in_observation_window"",""root_cause_class"":""strategy_coverage"",""remediation"":""shadow_coverage_diagnostics_before_threshold_change"",""observation_window_end"":""2026-09-01"",""production_effect"":false,""materialization_source"":""learning_target_join""}},{""metric"":""maximum_adverse_excursion"",""value"":null,""status"":""not_available"",""sample_count"":0,""mature_dates"":0,""outcome_as_of_date"":""2026-09-01"",""definition_version"":""strategy-evidence-metrics-v4"",""evidence"":{""semantic"":""date_clustered_equal_weight_mean_adjusted_intrahorizon_maximum_adverse_excursion"",""price_source"":""market.stock_prices"",""path_window"":""canonical_selection_outcomes_v1.entry_date_through_exit_date"",""missing_reason"":""no_strategy_hits_in_observation_window"",""root_cause_class"":""strategy_coverage"",""remediation"":""shadow_coverage_diagnostics_before_threshold_change"",""observation_window_end"":""2026-09-01"",""production_effect"":false,""materialization_source"":""learning_target_join""}},{""metric"":""tail_loss_cvar95"",""value"":null,""status"":""not_available"",""sample_count"":0,""mature_dates"":0,""outcome_as_of_date"":""2026-09-01"",""definition_version"":""strategy-evidence-metrics-v4"",""evidence"":{""semantic"":""mean_worst_five_percent_cost_net_absolute_return"",""tail_samples"":0,""missing_reason"":""no_strategy_hits_in_observation_window"",""root_cause_class"":""strategy_coverage"",""remediation"":""shadow_coverage_diagnostics_before_threshold_change"",""observation_window_end"":""2026-09-01"",""production_effect"":false,""materialization_source"":""learning_target_join""}},{""metric"":""regime_consistency"",""value"":null,""status"":""not_available"",""sample_count"":0,""mature_dates"":0,""outcome_as_of_date"":""2026-09-01"",""definition_version"":""strategy-evidence-metrics-v4"",""evidence"":{""semantic"":""minimum_supported_regime_date_clustered_residual_return_lcb90"",""required_regime_partitions"":2,""required_mature_dates_per_partition"":2,""supported_regimes"":[""sideways"",""volatile""],""observed_partitions"":[],""eligible_partitions"":[],""observed_regime_count"":0,""eligible_regime_count"":0,""missing_reason"":""no_strategy_hits_in_observation_window"",""root_cause_class"":""strategy_coverage"",""remediation"":""shadow_coverage_diagnostics_before_threshold_change"",""observation_window_end"":""2026-09-01"",""production_effect"":false,""materialization_source"":""learning_target_join""}}]","[{""metric"":""residual_return_lcb90"",""value"":null,""status"":""not_available"",""sample_count"":0,""mature_dates"":0,""outcome_as_of_date"":""2026-09-02"",""definition_version"":""strategy-evidence-metrics-v4"",""evidence"":{""semantic"":""date_clustered_equal_weight_residual_return_lcb90"",""z90"":1.281551565545,""missing_reason"":""no_strategy_hits_in_observation_window"",""root_cause_class"":""strategy_coverage"",""remediation"":""shadow_coverage_diagnostics_before_threshold_change"",""observation_window_end"":""2026-09-02"",""production_effect"":false,""materialization_source"":""learning_target_join""}},{""metric"":""time_to_reversion"",""value"":null,""status"":""not_available"",""sample_count"":0,""mature_dates"":0,""outcome_as_of_date"":""2026-09-02"",""definition_version"":""strategy-evidence-metrics-v4"",""evidence"":{""semantic"":""earliest_discrete_evidence_horizon_with_positive_residual_return"",""resolved_samples"":0,""censored_samples"":0,""missing_reason"":""no_strategy_hits_in_observation_window"",""root_cause_class"":""strategy_coverage"",""remediation"":""shadow_coverage_diagnostics_before_threshold_change"",""observation_window_end"":""2026-09-02"",""production_effect"":false,""materialization_source"":""learning_target_join""}},{""metric"":""maximum_adverse_excursion"",""value"":null,""status"":""not_available"",""sample_count"":0,""mature_dates"":0,""outcome_as_of_date"":""2026-09-02"",""definition_version"":""strategy-evidence-metrics-v4"",""evidence"":{""semantic"":""date_clustered_equal_weight_mean_adjusted_intrahorizon_maximum_adverse_excursion"",""price_source"":""market.stock_prices"",""path_window"":""canonical_selection_outcomes_v1.entry_date_through_exit_date"",""missing_reason"":""no_strategy_hits_in_observation_window"",""root_cause_class"":""strategy_coverage"",""remediation"":""shadow_coverage_diagnostics_before_threshold_change"",""observation_window_end"":""2026-09-02"",""production_effect"":false,""materialization_source"":""learning_target_join""}},{""metric"":""tail_loss_cvar95"",""value"":null,""status"":""not_available"",""sample_count"":0,""mature_dates"":0,""outcome_as_of_date"":""2026-09-02"",""definition_version"":""strategy-evidence-metrics-v4"",""evidence"":{""semantic"":""mean_worst_five_percent_cost_net_absolute_return"",""tail_samples"":0,""missing_reason"":""no_strategy_hits_in_observation_window"",""root_cause_class"":""strategy_coverage"",""remediation"":""shadow_coverage_diagnostics_before_threshold_change"",""observation_window_end"":""2026-09-02"",""production_effect"":false,""materialization_source"":""learning_target_join""}},{""metric"":""regime_consistency"",""value"":null,""status"":""not_available"",""sample_count"":0,""mature_dates"":0,""outcome_as_of_date"":""2026-09-02"",""definition_version"":""strategy-evidence-metrics-v4"",""evidence"":{""semantic"":""minimum_supported_regime_date_clustered_residual_return_lcb90"",""required_regime_partitions"":2,""required_mature_dates_per_partition"":2,""supported_regimes"":[""sideways"",""volatile""],""observed_partitions"":[],""eligible_partitions"":[],""observed_regime_count"":0,""eligible_regime_count"":0,""missing_reason"":""no_strategy_hits_in_observation_window"",""root_cause_class"":""strategy_coverage"",""remediation"":""shadow_coverage_diagnostics_before_threshold_change"",""observation_window_end"":""2026-09-02"",""production_effect"":false,""materialization_source"":""learning_target_join""}}]"
stock_tech_s12_multitimeframe_smc_reclaim_v2,evidence_profile.metric_evidence,"[{""metric"":""residual_return_lcb90"",""value"":null,""status"":""not_available"",""sample_count"":0,""mature_dates"":0,""outcome_as_of_date"":""2026-09-01"",""definition_version"":""strategy-evidence-metrics-v4"",""evidence"":{""semantic"":""date_clustered_equal_weight_residual_return_lcb90"",""z90"":1.281551565545,""missing_reason"":""no_strategy_hits_in_observation_window"",""root_cause_class"":""strategy_coverage"",""remediation"":""shadow_coverage_diagnostics_before_threshold_change"",""observation_window_end"":""2026-09-01"",""production_effect"":false,""materialization_source"":""learning_target_join""}},{""metric"":""false_breakout_rate"",""value"":null,""status"":""not_available"",""sample_count"":0,""mature_dates"":0,""outcome_as_of_date"":""2026-09-01"",""definition_version"":""strategy-evidence-metrics-v4"",""evidence"":{""semantic"":""primary_horizon_cost_net_return_non_positive_rate"",""missing_reason"":""no_strategy_hits_in_observation_window"",""root_cause_class"":""strategy_coverage"",""remediation"":""shadow_coverage_diagnostics_before_threshold_change"",""observation_window_end"":""2026-09-01"",""production_effect"":false,""materialization_source"":""learning_target_join""}},{""metric"":""tail_loss_cvar95"",""value"":null,""status"":""not_available"",""sample_count"":0,""mature_dates"":0,""outcome_as_of_date"":""2026-09-01"",""definition_version"":""strategy-evidence-metrics-v4"",""evidence"":{""semantic"":""mean_worst_five_percent_cost_net_absolute_return"",""tail_samples"":0,""missing_reason"":""no_strategy_hits_in_observation_window"",""root_cause_class"":""strategy_coverage"",""remediation"":""shadow_coverage_diagnostics_before_threshold_change"",""observation_window_end"":""2026-09-01"",""production_effect"":false,""materialization_source"":""learning_target_join""}},{""metric"":""turnover_after_cost"",""value"":null,""status"":""not_available"",""sample_count"":0,""mature_dates"":0,""outcome_as_of_date"":""2026-09-01"",""definition_version"":""strategy-evidence-metrics-v4"",""evidence"":{""semantic"":""cost_net_mean_return_per_one_way_turnover"",""average_one_way_turnover"":null,""missing_reason"":""no_strategy_hits_in_observation_window"",""root_cause_class"":""strategy_coverage"",""remediation"":""shadow_coverage_diagnostics_before_threshold_change"",""observation_window_end"":""2026-09-01"",""production_effect"":false,""materialization_source"":""learning_target_join""}},{""metric"":""regime_consistency"",""value"":null,""status"":""not_available"",""sample_count"":0,""mature_dates"":0,""outcome_as_of_date"":""2026-09-01"",""definition_version"":""strategy-evidence-metrics-v4"",""evidence"":{""semantic"":""minimum_supported_regime_date_clustered_residual_return_lcb90"",""required_regime_partitions"":2,""required_mature_dates_per_partition"":2,""supported_regimes"":[""bull"",""bear"",""sideways"",""volatile""],""observed_partitions"":[],""eligible_partitions"":[],""observed_regime_count"":0,""eligible_regime_count"":0,""missing_reason"":""no_strategy_hits_in_observation_window"",""root_cause_class"":""strategy_coverage"",""remediation"":""shadow_coverage_diagnostics_before_threshold_change"",""observation_window_end"":""2026-09-01"",""production_effect"":false,""materialization_source"":""learning_target_join""}}]","[{""metric"":""residual_return_lcb90"",""value"":null,""status"":""not_available"",""sample_count"":0,""mature_dates"":0,""outcome_as_of_date"":""2026-09-02"",""definition_version"":""strategy-evidence-metrics-v4"",""evidence"":{""semantic"":""date_clustered_equal_weight_residual_return_lcb90"",""z90"":1.281551565545,""missing_reason"":""no_strategy_hits_in_observation_window"",""root_cause_class"":""strategy_coverage"",""remediation"":""shadow_coverage_diagnostics_before_threshold_change"",""observation_window_end"":""2026-09-02"",""production_effect"":false,""materialization_source"":""learning_target_join""}},{""metric"":""false_breakout_rate"",""value"":null,""status"":""not_available"",""sample_count"":0,""mature_dates"":0,""outcome_as_of_date"":""2026-09-02"",""definition_version"":""strategy-evidence-metrics-v4"",""evidence"":{""semantic"":""primary_horizon_cost_net_return_non_positive_rate"",""missing_reason"":""no_strategy_hits_in_observation_window"",""root_cause_class"":""strategy_coverage"",""remediation"":""shadow_coverage_diagnostics_before_threshold_change"",""observation_window_end"":""2026-09-02"",""production_effect"":false,""materialization_source"":""learning_target_join""}},{""metric"":""tail_loss_cvar95"",""value"":null,""status"":""not_available"",""sample_count"":0,""mature_dates"":0,""outcome_as_of_date"":""2026-09-02"",""definition_version"":""strategy-evidence-metrics-v4"",""evidence"":{""semantic"":""mean_worst_five_percent_cost_net_absolute_return"",""tail_samples"":0,""missing_reason"":""no_strategy_hits_in_observation_window"",""root_cause_class"":""strategy_coverage"",""remediation"":""shadow_coverage_diagnostics_before_threshold_change"",""observation_window_end"":""2026-09-02"",""production_effect"":false,""materialization_source"":""learning_target_join""}},{""metric"":""turnover_after_cost"",""value"":null,""status"":""not_available"",""sample_count"":0,""mature_dates"":0,""outcome_as_of_date"":""2026-09-02"",""definition_version"":""strategy-evidence-metrics-v4"",""evidence"":{""semantic"":""cost_net_mean_return_per_one_way_turnover"",""average_one_way_turnover"":null,""missing_reason"":""no_strategy_hits_in_observation_window"",""root_cause_class"":""strategy_coverage"",""remediation"":""shadow_coverage_diagnostics_before_threshold_change"",""observation_window_end"":""2026-09-02"",""production_effect"":false,""materialization_source"":""learning_target_join""}},{""metric"":""regime_consistency"",""value"":null,""status"":""not_available"",""sample_count"":0,""mature_dates"":0,""outcome_as_of_date"":""2026-09-02"",""definition_version"":""strategy-evidence-metrics-v4"",""evidence"":{""semantic"":""minimum_supported_regime_date_clustered_residual_return_lcb90"",""required_regime_partitions"":2,""required_mature_dates_per_partition"":2,""supported_regimes"":[""bull"",""bear"",""sideways"",""volatile""],""observed_partitions"":[],""eligible_partitions"":[],""observed_regime_count"":0,""eligible_regime_count"":0,""missing_reason"":""no_strategy_hits_in_observation_window"",""root_cause_class"":""strategy_coverage"",""remediation"":""shadow_coverage_diagnostics_before_threshold_change"",""observation_window_end"":""2026-09-02"",""production_effect"":false,""materialization_source"":""learning_target_join""}}]"
trend_quality_breakout_fused_v1,evidence_profile.metric_evidence,"[{""metric"":""residual_return_lcb90"",""value"":null,""status"":""not_available"",""sample_count"":0,""mature_dates"":0,""outcome_as_of_date"":""2026-09-01"",""definition_version"":""strategy-evidence-metrics-v4"",""evidence"":{""semantic"":""date_clustered_equal_weight_residual_return_lcb90"",""z90"":1.281551565545,""missing_reason"":""no_strategy_hits_in_observation_window"",""root_cause_class"":""strategy_coverage"",""remediation"":""shadow_coverage_diagnostics_before_threshold_change"",""observation_window_end"":""2026-09-01"",""production_effect"":false,""materialization_source"":""learning_target_join""}},{""metric"":""rank_ic"",""value"":null,""status"":""not_available"",""sample_count"":0,""mature_dates"":0,""outcome_as_of_date"":""2026-09-01"",""definition_version"":""strategy-evidence-metrics-v4"",""evidence"":{""semantic"":""mean_daily_spearman_formal_continuous_affinity_vs_residual_return"",""affinity_owner"":""strategy-threshold-margin-affinity-v2"",""fallback_owner"":null,""retired_input"":""strategy-affinity-binary-pit-reconstruction-v1"",""formal_continuous_pairs"":0,""excluded_legacy_binary_pairs"":0,""observation_dates"":0,""estimable_dates"":0,""pair_eligible_dates"":0,""insufficient_pair_dates"":0,""constant_affinity_dates"":0,""constant_reward_dates"":0,""missing_reason"":""no_strategy_hits_in_observation_window"",""root_cause_class"":""strategy_coverage"",""remediation"":""shadow_coverage_diagnostics_before_threshold_change"",""observation_window_end"":""2026-09-01"",""production_effect"":false,""materialization_source"":""learning_target_join""}},{""metric"":""max_drawdown"",""value"":null,""status"":""not_available"",""sample_count"":0,""mature_dates"":0,""outcome_as_of_date"":""2026-09-01"",""definition_version"":""strategy-evidence-metrics-v4"",""evidence"":{""semantic"":""date_clustered_equal_weight_compounded_cost_net_absolute_return"",""missing_reason"":""no_strategy_hits_in_observation_window"",""root_cause_class"":""strategy_coverage"",""remediation"":""shadow_coverage_diagnostics_before_threshold_change"",""observation_window_end"":""2026-09-01"",""production_effect"":false,""materialization_source"":""learning_target_join""}},{""metric"":""turnover_after_cost"",""value"":null,""status"":""not_available"",""sample_count"":0,""mature_dates"":0,""outcome_as_of_date"":""2026-09-01"",""definition_version"":""strategy-evidence-metrics-v4"",""evidence"":{""semantic"":""cost_net_mean_return_per_one_way_turnover"",""average_one_way_turnover"":null,""missing_reason"":""no_strategy_hits_in_observation_window"",""root_cause_class"":""strategy_coverage"",""remediation"":""shadow_coverage_diagnostics_before_threshold_change"",""observation_window_end"":""2026-09-01"",""production_effect"":false,""materialization_source"":""learning_target_join""}},{""metric"":""regime_consistency"",""value"":null,""status"":""not_available"",""sample_count"":0,""mature_dates"":0,""outcome_as_of_date"":""2026-09-01"",""definition_version"":""strategy-evidence-metrics-v4"",""evidence"":{""semantic"":""minimum_supported_regime_date_clustered_residual_return_lcb90"",""required_regime_partitions"":2,""required_mature_dates_per_partition"":2,""supported_regimes"":[""bull"",""sideways"",""volatile""],""observed_partitions"":[],""eligible_partitions"":[],""observed_regime_count"":0,""eligible_regime_count"":0,""missing_reason"":""no_strategy_hits_in_observation_window"",""root_cause_class"":""strategy_coverage"",""remediation"":""shadow_coverage_diagnostics_before_threshold_change"",""observation_window_end"":""2026-09-01"",""production_effect"":false,""materialization_source"":""learning_target_join""}}]","[{""metric"":""residual_return_lcb90"",""value"":null,""status"":""not_available"",""sample_count"":0,""mature_dates"":0,""outcome_as_of_date"":""2026-09-02"",""definition_version"":""strategy-evidence-metrics-v4"",""evidence"":{""semantic"":""date_clustered_equal_weight_residual_return_lcb90"",""z90"":1.281551565545,""missing_reason"":""no_strategy_hits_in_observation_window"",""root_cause_class"":""strategy_coverage"",""remediation"":""shadow_coverage_diagnostics_before_threshold_change"",""observation_window_end"":""2026-09-02"",""production_effect"":false,""materialization_source"":""learning_target_join""}},{""metric"":""rank_ic"",""value"":null,""status"":""not_available"",""sample_count"":0,""mature_dates"":0,""outcome_as_of_date"":""2026-09-02"",""definition_version"":""strategy-evidence-metrics-v4"",""evidence"":{""semantic"":""mean_daily_spearman_formal_continuous_affinity_vs_residual_return"",""affinity_owner"":""strategy-threshold-margin-affinity-v2"",""fallback_owner"":null,""retired_input"":""strategy-affinity-binary-pit-reconstruction-v1"",""formal_continuous_pairs"":0,""excluded_legacy_binary_pairs"":0,""observation_dates"":0,""estimable_dates"":0,""pair_eligible_dates"":0,""insufficient_pair_dates"":0,""constant_affinity_dates"":0,""constant_reward_dates"":0,""missing_reason"":""no_strategy_hits_in_observation_window"",""root_cause_class"":""strategy_coverage"",""remediation"":""shadow_coverage_diagnostics_before_threshold_change"",""observation_window_end"":""2026-09-02"",""production_effect"":false,""materialization_source"":""learning_target_join""}},{""metric"":""max_drawdown"",""value"":null,""status"":""not_available"",""sample_count"":0,""mature_dates"":0,""outcome_as_of_date"":""2026-09-02"",""definition_version"":""strategy-evidence-metrics-v4"",""evidence"":{""semantic"":""date_clustered_equal_weight_compounded_cost_net_absolute_return"",""missing_reason"":""no_strategy_hits_in_observation_window"",""root_cause_class"":""strategy_coverage"",""remediation"":""shadow_coverage_diagnostics_before_threshold_change"",""observation_window_end"":""2026-09-02"",""production_effect"":false,""materialization_source"":""learning_target_join""}},{""metric"":""turnover_after_cost"",""value"":null,""status"":""not_available"",""sample_count"":0,""mature_dates"":0,""outcome_as_of_date"":""2026-09-02"",""definition_version"":""strategy-evidence-metrics-v4"",""evidence"":{""semantic"":""cost_net_mean_return_per_one_way_turnover"",""average_one_way_turnover"":null,""missing_reason"":""no_strategy_hits_in_observation_window"",""root_cause_class"":""strategy_coverage"",""remediation"":""shadow_coverage_diagnostics_before_threshold_change"",""observation_window_end"":""2026-09-02"",""production_effect"":false,""materialization_source"":""learning_target_join""}},{""metric"":""regime_consistency"",""value"":null,""status"":""not_available"",""sample_count"":0,""mature_dates"":0,""outcome_as_of_date"":""2026-09-02"",""definition_version"":""strategy-evidence-metrics-v4"",""evidence"":{""semantic"":""minimum_supported_regime_date_clustered_residual_return_lcb90"",""required_regime_partitions"":2,""required_mature_dates_per_partition"":2,""supported_regimes"":[""bull"",""sideways"",""volatile""],""observed_partitions"":[],""eligible_partitions"":[],""observed_regime_count"":0,""eligible_regime_count"":0,""missing_reason"":""no_strategy_hits_in_observation_window"",""root_cause_class"":""strategy_coverage"",""remediation"":""shadow_coverage_diagnostics_before_threshold_change"",""observation_window_end"":""2026-09-02"",""production_effect"":false,""materialization_source"":""learning_target_join""}}]"
trend_quality_breakout_fused_v1,learning.avg_return_pct,-0.006812,0.004756
trend_quality_breakout_fused_v1,learning.hit_rate,0.480938,0.477189
trend_quality_breakout_fused_v1,learning.latest_reward_date,2026-07-23,2026-08-25
trend_quality_breakout_fused_v1,learning.max_drawdown_pct,,0
trend_quality_breakout_fused_v1,learning.reward_status_reason,reward evidence available through 2026-07-23,reward evidence available through 2026-08-25
trend_quality_breakout_fused_v1,learning.rolling_avg_return_pct,-0.006812,0.004756
trend_quality_breakout_fused_v1,learning.rolling_date_return_lcb90,-0.008755,-0.002135
trend_quality_breakout_fused_v1,learning.rolling_date_return_mean,-0.006842,0.004807
trend_quality_breakout_fused_v1,learning.rolling_hit_rate,0.480938,0.477189
trend_quality_breakout_fused_v1,learning.rolling_reward_dates,2,5
trend_quality_breakout_fused_v1,learning.rolling_samples,341,811
trend_quality_breakout_fused_v1,learning.samples,341,811
trend_quality_breakout_fused_v1,promotion_gate.evidence.avg_return_pct,-0.006812,0.004756
trend_quality_breakout_fused_v1,promotion_gate.evidence.date_return_lcb90,-0.008755,-0.002135
trend_quality_breakout_fused_v1,promotion_gate.evidence.hit_rate,0.480938,0.477189
trend_quality_breakout_fused_v1,promotion_gate.evidence.mature_dates,2,5
trend_quality_breakout_fused_v1,promotion_gate.evidence.samples,341,811
