{
  "json": "output\\finlab_alpha_miner_bakeoff_smoke\\alpha_miner_bakeoff_sii_20230101_20260615_seed42.json",
  "rows_csv": "output\\finlab_alpha_miner_bakeoff_smoke\\alpha_miner_bakeoff_sii_20230101_20260615_seed42_rows.csv",
  "finlab_confirm_csv": "output\\finlab_alpha_miner_bakeoff_smoke\\alpha_miner_bakeoff_sii_20230101_20260615_seed42_finlab_confirm.csv",
  "summary": {
    "deap_gp": {
      "evaluated": 2,
      "top_fitness": 2.5617972327793987,
      "top_validation_sharpe": 2.088719825953596,
      "top_holdout_sharpe": 4.718200960455794,
      "top_full_cagr": 1.5426027076299178,
      "top_full_mdd": -0.287262263509258,
      "median_top10_validation_sharpe": -0.9157568817949056,
      "median_top10_holdout_sharpe": 0.6693395197783754,
      "median_top10_novelty": 1.0,
      "median_top10_turnover": 0.5821686746987953,
      "top_candidates": [
        {
          "candidate_id": "deap_gp_0001",
          "algorithm": "deap_gp",
          "status": "ok",
          "factor_ids": [
            "l1_smcBiasBearish",
            "tech_keltner_pos_20",
            "tech_granville_score"
          ],
          "weights": [
            0.247722,
            0.3892,
            0.363078
          ],
          "combine": "weighted_sum",
          "complexity": 3,
          "novelty": 1.0,
          "turnover": 0.3031325301204819,
          "fitness": 2.5617972327793987,
          "deflated_sharpe_proxy": 2.0131889377929433,
          "train": {
            "cagr": 1.139133251571427,
            "sharpe": 2.31669203474089,
            "max_drawdown": -0.24395319396251902,
            "positive_day_ratio": 0.553014553014553
          },
          "validation": {
            "cagr": 0.9789942019827227,
            "sharpe": 2.088719825953596,
            "max_drawdown": -0.2872622635092582,
            "positive_day_ratio": 0.5967078189300411
          },
          "holdout": {
            "cagr": 8.89213422885354,
            "sharpe": 4.718200960455794,
            "max_drawdown": -0.16573870043584416,
            "positive_day_ratio": 0.6698113207547169
          },
          "full": {
            "cagr": 1.5426027076299178,
            "sharpe": 2.636096848230859,
            "max_drawdown": -0.287262263509258,
            "positive_day_ratio": 0.5807228915662651
          },
          "latest_matches": 10,
          "match_days": 830
        },
        {
          "candidate_id": "deap_gp_0000",
          "algorithm": "deap_gp",
          "status": "ok",
          "factor_ids": [
            "mom_reversal_1m",
            "l1_smcNetScore",
            "tech_williams_r_14"
          ],
          "weights": [
            0.357965,
            0.231537,
            0.410498
          ],
          "combine": "weighted_sum",
          "complexity": 3,
          "novelty": 1.0,
          "turnover": 0.8612048192771087,
          "fitness": -4.180529248015583,
          "deflated_sharpe_proxy": -3.9957644777040597,
          "train": {
            "cagr": -0.563973458417024,
            "sharpe": -3.684636467197716,
            "max_drawdown": -0.80444886000237,
            "positive_day_ratio": 0.3970893970893971
          },
          "validation": {
            "cagr": -0.6993895579000946,
            "sharpe": -3.920233589543407,
            "max_drawdown": -0.6995547815694838,
            "positive_day_ratio": 0.37037037037037035
          },
          "holdout": {
            "cagr": -0.6453222107191257,
            "sharpe": -3.3795219208990437,
            "max_drawdown": -0.3908990275626206,
            "positive_day_ratio": 0.3490566037735849
          },
          "full": {
            "cagr": -0.6191316988342404,
            "sharpe": -3.6764503305514316,
            "max_drawdown": -0.9624110326332675,
            "positive_day_ratio": 0.38313253012048193
          },
          "latest_matches": 10,
          "match_days": 830
        }
      ],
      "pbo_proxy": {
        "candidate_count": 2,
        "pbo_proxy": 0.0,
        "overfit_count": 0,
        "method": "validation_sharpe_positive_holdout_negative_proxy"
      }
    },
    "optuna_tpe": {
      "evaluated": 2,
      "top_fitness": 0.5278046677758033,
      "top_validation_sharpe": 0.24504513584090884,
      "top_holdout_sharpe": 2.354653984249524,
      "top_full_cagr": 0.3602192749207942,
      "top_full_mdd": -0.5574009852294324,
      "median_top10_validation_sharpe": -0.9027154458143103,
      "median_top10_holdout_sharpe": 0.034656183368505955,
      "median_top10_novelty": 1.0,
      "median_top10_turnover": 0.25475903614457834,
      "top_candidates": [
        {
          "candidate_id": "optuna_tpe_0000",
          "algorithm": "optuna_tpe",
          "status": "ok",
          "factor_ids": [
            "liq_amihud_21d",
            "l1_liquiditySweepBullish",
            "tech_volume_ratio_5",
            "mom_ma50_200_ratio",
            "l1_bbBandwidthPct"
          ],
          "weights": [
            0.073031,
            0.370467,
            0.096495,
            0.427393,
            0.032615
          ],
          "combine": "max",
          "complexity": 5,
          "novelty": 1.0,
          "turnover": 0.025060240963855424,
          "fitness": 0.5278046677758033,
          "deflated_sharpe_proxy": 0.16951424768025633,
          "train": {
            "cagr": 0.310276140649947,
            "sharpe": 0.9478347818803297,
            "max_drawdown": -0.30947616035614256,
            "positive_day_ratio": 0.5592515592515592
          },
          "validation": {
            "cagr": 0.019575504213584116,
            "sharpe": 0.24504513584090884,
            "max_drawdown": -0.427021561580763,
            "positive_day_ratio": 0.5390946502057613
          },
          "holdout": {
            "cagr": 2.121192070154806,
            "sharpe": 2.354653984249524,
            "max_drawdown": -0.18589593964922646,
            "positive_day_ratio": 0.6132075471698113
          },
          "full": {
            "cagr": 0.3602192749207942,
            "sharpe": 0.9818508710033195,
            "max_drawdown": -0.5574009852294324,
            "positive_day_ratio": 0.5602409638554217
          },
          "latest_matches": 10,
          "match_days": 830
        },
        {
          "candidate_id": "optuna_tpe_0001",
          "algorithm": "optuna_tpe",
          "status": "ok",
          "factor_ids": [
            "l1_sectorRsMomentum",
            "tech_trix_12",
            "vol_money_flow_5d"
          ],
          "weights": [
            0.481198,
            0.396377,
            0.122425
          ],
          "combine": "weighted_sum",
          "complexity": 3,
          "novelty": 1.0,
          "turnover": 0.48445783132530124,
          "fitness": -2.6508326064544074,
          "deflated_sharpe_proxy": -2.126006915630182,
          "train": {
            "cagr": -0.3799437715967343,
            "sharpe": -1.5804660136180781,
            "max_drawdown": -0.6440273478632925,
            "positive_day_ratio": 0.4698544698544699
          },
          "validation": {
            "cagr": -0.46124443022462136,
            "sharpe": -2.0504760274695295,
            "max_drawdown": -0.4549676797169433,
            "positive_day_ratio": 0.4403292181069959
          },
          "holdout": {
            "cagr": -0.5994279533338379,
            "sharpe": -2.285341617512512,
            "max_drawdown": -0.37770602006733,
            "positive_day_ratio": 0.5
          },
          "full": {
            "cagr": -0.4372346575813798,
            "sharpe": -1.8177948730197935,
            "max_drawdown": -0.8573851719755143,
            "positive_day_ratio": 0.4650602409638554
          },
          "latest_matches": 10,
          "match_days": 830
        }
      ],
      "pbo_proxy": {
        "candidate_count": 2,
        "pbo_proxy": 0.0,
        "overfit_count": 0,
        "method": "validation_sharpe_positive_holdout_negative_proxy"
      }
    },